timestamp;mmsi;lon;lat;sog;cog;navStat;posAcc;raim;heading;timestampSeconds
2018-03-17T08:00:51.812Z;230662000;20.124348333333334;63.11851333333333;11.0;207.8;0;0;0;209;49
2018-03-17T08:01:00.105Z;246798000;24.614583333333332;65.68926666666667;0.0;284.0;0;0;0;284;53
2018-03-17T08:00:59.225Z;236611000;22.767736666666668;64.42744666666667;8.8;209.6;0;0;0;209;55
2018-03-17T08:00:52.645Z;230025040;21.44885833333333;61.13223333333334;0.1;357.0;0;0;0;309;50
2018-03-17T08:00:59.339Z;230252000;22.495031666666666;64.20978;11.2;28.1;0;0;0;29;57
2018-03-17T08:00:55.098Z;230003110;24.406458333333333;64.66635833333333;0.0;321.7;0;0;0;511;50
2018-03-17T08:00:27.332Z;244850226;21.45365;61.126999999999995;0.0;319.1;5;0;0;248;22
2018-03-17T08:01:00.136Z;212409000;21.210115;63.11767333333333;10.8;63.5;0;0;0;68;55
2018-03-17T08:00:55.097Z;230981750;21.571708333333333;63.08090333333334;0.0;102.9;0;0;0;23;52
2018-03-17T08:00:59.375Z;230980260;24.415815000000002;64.659425;0.0;211.2;15;0;0;19;58
2018-03-17T08:00:55.923Z;373437000;20.191416666666665;63.1645;13.3;28.0;0;0;0;21;51
2018-03-17T08:01:00.137Z;305476000;19.62771;62.794403333333335;7.1;331.5;0;0;0;320;58
2018-03-17T08:00:55.947Z;230245000;21.56707;63.75671333333333;5.5;227.8;3;0;0;229;55
2018-03-17T08:00:52.620Z;265088000;21.666993333333334;64.66120500000001;0.4;94.8;0;0;0;93;49
2018-03-17T08:00:41.987Z;244850900;19.528798333333334;62.62964;12.6;184.1;0;0;0;184;40
2018-03-17T08:00:55.945Z;230071310;27.696915;62.891754999999996;0.0;343.2;0;0;0;511;54
2018-03-17T08:00:51.816Z;230995660;23.01904;63.84446333333334;0.0;349.7;5;0;0;113;49
2018-03-17T08:00:52.625Z;230987160;24.40666666666667;64.66666666666667;0.0;191.0;15;0;0;94;49
2018-03-17T08:01:00.109Z;230109170;23.02538666666667;63.842038333333335;0.0;186.8;0;0;0;511;54
2018-03-17T08:01:00.140Z;266450000;23.367070000000002;65.76905833333333;0.3;185.2;15;0;0;162;57
2018-03-17T08:00:55.903Z;230916000;22.805546666666665;64.45695833333333;10.4;28.0;0;0;0;28;51
2018-03-17T08:00:55.905Z;230011590;24.55725;65.040555;0.0;204.7;0;0;0;353;52
2018-03-17T08:00:55.956Z;230081290;21.44476166666667;61.12659;0.0;329.2;0;0;0;5;55
2018-03-17T08:00:10.228Z;230325000;28.945351666666667;61.84382666666667;0.0;274.0;5;0;0;273;7
2018-03-17T08:00:52.646Z;230956000;22.791988333333332;64.447325;10.5;32.3;0;0;0;29;51
2018-03-17T08:00:38.185Z;230109450;24.51379166666667;65.664805;0.0;343.2;5;0;0;224;35
2018-03-17T08:00:55.914Z;230941170;21.447376666666667;61.130646666666664;0.0;0.0;3;0;0;511;52
2018-03-17T08:00:59.369Z;230636000;21.187095;63.11661166666667;12.3;272.0;0;0;0;272;57
2018-03-17T08:00:59.337Z;230988890;23.024966666666668;63.84195;0.0;178.7;0;0;0;238;56
2018-03-17T08:00:23.635Z;230940340;23.71609833333333;64.22228;0.0;19.1;5;0;0;124;23
2018-03-17T08:01:00.115Z;230251000;23.830043333333332;65.17173166666666;11.1;24.1;0;0;0;25;49
2018-03-17T08:00:55.093Z;230025470;21.571871666666667;63.08159;0.1;356.4;0;0;0;511;51
2018-03-17T08:00:52.627Z;230661000;22.761331666666667;64.42252666666667;8.6;206.3;0;0;0;206;50
2018-03-17T08:00:55.909Z;230982010;21.14233833333333;63.21179166666666;0.0;329.0;15;0;0;511;53
2018-03-17T08:00:52.633Z;230337000;25.42805333333333;65.00597833333333;0.0;0.0;0;0;0;511;49
2018-03-17T08:00:55.961Z;230013790;24.4072;64.66668333333334;0.1;5.9;0;0;0;191;55
2018-03-17T08:00:59.341Z;230006760;22.688133333333333;63.711800000000004;0.0;201.1;0;0;0;346;57
2018-03-17T08:00:55.941Z;230091500;22.688643333333335;63.71049333333334;0.0;269.7;5;0;0;332;54
2018-03-17T08:00:42.023Z;230024000;24.159696666666665;65.750315;0.0;325.9;5;0;0;213;40
2018-03-17T08:00:59.227Z;236205000;22.51513;64.22665333333333;0.0;39.3;0;0;0;14;54
2018-03-17T08:00:55.911Z;230656000;22.774713333333334;64.43263499999999;8.3;211.6;0;0;0;210;30
2018-03-17T08:00:55.938Z;230068740;28.944563333333335;61.84411166666666;0.0;29.5;0;0;0;177;54
2018-03-17T08:00:37.062Z;265528060;20.739098333333335;63.862820000000006;0.0;313.8;0;0;0;50;34
2018-03-17T08:00:55.911Z;212308000;22.491935;64.20722833333333;9.5;28.0;0;0;0;29;52
2018-03-17T08:00:13.133Z;305295000;21.247466666666664;64.68195;0.4;25.0;0;0;0;233;10
2018-03-17T08:00:52.647Z;246371000;23.825898333333335;65.16756166666667;10.9;24.0;0;0;0;22;51
2018-03-17T08:00:55.118Z;265066000;21.371756666666666;63.67663833333334;0.0;8.4;2;0;0;309;52
2018-03-17T08:00:55.966Z;230938570;21.217503333333333;62.358648333333335;0.0;29.9;0;0;0;191;55
2018-03-17T08:00:59.378Z;230290000;24.302995;65.47578166666666;9.2;225.2;0;0;0;225;58
2018-03-17T08:00:51.809Z;276776000;21.472976666666668;61.126265;0.0;143.2;0;0;0;322;47
2018-03-17T08:00:55.907Z;230110910;21.215431666666667;62.34473;0.0;337.5;0;0;0;333;53
2018-03-17T08:00:52.605Z;245717000;21.569945;63.75810166666667;4.5;205.2;0;0;0;216;50
2018-03-17T08:01:00.129Z;230282000;21.478428333333333;61.59561;0.0;255.0;0;0;0;282;56
2018-03-17T08:01:00.123Z;230350000;22.795056666666667;64.44675333333333;8.0;210.1;0;0;0;210;57
2018-03-17T08:00:55.957Z;265182000;21.522328333333334;64.65552833333334;7.0;81.2;0;0;0;84;54
2018-03-17T08:01:00.099Z;230358000;22.789625;65.27288666666666;11.4;225.7;0;0;0;227;55
2018-03-17T08:00:52.595Z;244338000;20.1012;63.102195;12.1;211.8;0;0;0;212;49
2018-03-17T08:00:55.930Z;212880000;22.628235;64.31695666666667;0.0;334.5;0;0;0;27;53
2018-03-17T08:00:59.227Z;259372000;24.308333333333334;65.47801666666666;9.3;224.1;0;0;0;226;53
2018-03-17T08:00:52.607Z;230111210;24.406348333333334;64.66675000000001;0.0;337.6;0;0;0;511;50
2018-03-17T08:00:59.238Z;276585000;21.472576666666665;61.12602666666667;0.0;343.9;0;0;0;245;56
2018-03-17T08:00:55.918Z;265537680;23.27711;65.79799166666666;0.0;32.3;0;0;0;307;53
2018-03-17T08:00:52.648Z;266435000;22.789188333333335;64.44287666666666;7.9;213.2;0;0;0;210;50
2018-03-17T08:00:59.231Z;245046000;19.568136666666664;62.706538333333334;11.0;191.7;0;0;0;193;56
2018-03-17T08:00:55.972Z;230283000;21.478686666666665;61.596625;0.0;348.8;0;0;0;18;55
2018-03-17T08:00:45.226Z;230981050;25.068775000000002;65.03732666666666;0.0;319.7;0;0;0;303;42
2018-03-17T08:00:33.559Z;253377000;24.15102166666667;65.75542333333334;0.0;341.9;5;0;0;345;30
2018-03-17T08:01:00.138Z;230065310;23.69318666666667;64.221105;0.0;271.5;0;0;0;318;58
2018-03-17T08:00:59.380Z;230052840;28.385586666666665;61.605063333333334;3.0;184.8;3;0;0;185;59
2018-03-17T08:00:45.217Z;230070870;24.514513333333333;65.66495;0.0;3.6;0;0;0;256;43
2018-03-17T08:01:00.131Z;230115340;21.464223333333333;61.59415166666667;0.0;187.6;15;0;0;260;57
2018-03-17T08:01:00.128Z;265067000;21.622821666666667;65.15630166666666;0.0;165.8;2;0;0;252;56
2018-03-17T08:00:51.808Z;230202000;22.74387;64.40938666666666;8.0;31.1;0;0;0;29;26
2018-03-17T08:00:52.622Z;244850612;22.783006666666665;64.43840333333334;7.6;210.9;0;0;0;209;51
2018-03-17T08:00:42.005Z;236029000;21.291833333333333;63.129583333333336;6.9;253.4;5;0;0;259;38
2018-03-17T08:00:51.805Z;305733000;20.422741666666663;63.31679999999999;9.7;216.4;0;0;0;220;49
2018-03-17T08:00:55.931Z;305961000;19.628899999999998;62.79998333333333;5.5;41.4;0;0;0;33;50
2018-03-17T08:00:52.600Z;538090507;21.582749999999997;63.763785;3.6;222.4;0;0;0;221;50
2018-03-17T08:01:10.383Z;244830818;23.03827;63.859915;0.0;360.0;5;0;0;291;9
2018-03-17T08:01:52.051Z;230662000;20.121173333333335;63.11580666666667;11.1;207.7;0;0;0;209;49
2018-03-17T08:01:58.904Z;246798000;24.614568333333334;65.68925;0.0;284.0;0;0;0;284;53
2018-03-17T08:01:57.840Z;236611000;22.764928333333334;64.42531833333334;8.8;210.3;0;0;0;209;55
2018-03-17T08:02:01.670Z;230025040;21.448855;61.13223;0.0;203.0;0;0;0;308;1
2018-03-17T08:02:01.618Z;230252000;22.498176666666666;64.212195;8.2;30.9;0;0;0;31;0
2018-03-17T08:01:55.274Z;230003110;24.40647166666667;64.66634833333333;0.0;321.7;0;0;0;511;51
2018-03-17T08:02:01.660Z;212409000;21.216938333333335;63.11861666666667;10.9;73.2;0;0;0;73;59
2018-03-17T08:01:54.425Z;230981750;21.571706666666667;63.080905;0.0;340.1;0;0;0;23;52
2018-03-17T08:02:01.545Z;230980260;24.415771666666668;64.65943333333333;0.0;206.6;15;0;0;19;58
2018-03-17T08:01:10.321Z;230941690;21.44908666666667;61.13230333333333;0.0;330.5;5;0;0;511;7
2018-03-17T08:01:55.324Z;373437000;20.1947;63.16781666666667;13.4;22.0;0;0;0;20;51
2018-03-17T08:01:15.795Z;305476000;19.62696;62.79478666666667;7.0;316.8;0;0;0;328;14
2018-03-17T08:01:58.876Z;230245000;21.56407;63.75546666666666;7.2;225.9;3;0;0;226;56
2018-03-17T08:02:02.235Z;265088000;21.66728833333333;64.66120333333333;0.3;79.6;0;0;0;93;59
2018-03-17T08:01:41.774Z;244850900;19.528248333333334;62.62610666666667;12.8;184.1;0;0;0;184;40
2018-03-17T08:01:55.347Z;230071310;27.696915;62.89178833333334;0.0;344.3;0;0;0;511;54
2018-03-17T08:02:02.206Z;230987160;24.40666666666667;64.66666666666667;0.0;2.0;15;0;0;94;57
2018-03-17T08:01:58.910Z;230109170;23.02538;63.84204833333333;0.0;188.4;0;0;0;511;54
2018-03-17T08:01:48.876Z;230651000;21.443375;61.1266;0.0;46.9;5;0;0;255;45
2018-03-17T08:01:58.947Z;266450000;23.367163333333334;65.76895499999999;1.1;169.0;15;0;0;164;57
2018-03-17T08:01:20.359Z;235035113;25.415399999999998;64.99746166666667;0.0;330.0;5;0;0;320;16
2018-03-17T08:01:24.158Z;230108490;25.19535;65.00885666666666;0.0;155.0;5;0;0;110;20
2018-03-17T08:01:45.000Z;230111650;21.571289999999998;63.08104166666667;0.0;330.9;5;0;0;511;42
2018-03-17T08:01:55.308Z;230916000;22.808981666666668;64.45953;10.7;31.0;0;0;0;30;51
2018-03-17T08:01:55.310Z;230011590;24.557248333333334;65.040555;0.0;186.0;0;0;0;352;52
2018-03-17T08:01:55.346Z;230081290;21.444788333333335;61.12657333333333;0.0;326.2;0;0;0;5;54
2018-03-17T08:02:01.641Z;230956000;22.796086666666667;64.45028166666667;10.9;31.8;0;0;0;30;1
2018-03-17T08:01:55.315Z;230941170;21.447371666666665;61.13064833333333;0.0;0.0;3;0;0;511;52
2018-03-17T08:02:01.532Z;230636000;21.17946;63.116841666666666;12.6;275.0;0;0;0;275;57
2018-03-17T08:01:58.953Z;230988890;23.024966666666668;63.84195;0.0;185.9;0;0;0;237;56
2018-03-17T08:02:02.221Z;230251000;23.833193333333334;65.17452999999999;10.9;25.3;0;0;0;26;52
2018-03-17T08:01:54.423Z;230025470;21.571828333333332;63.081493333333334;0.1;5.5;0;0;0;511;51
2018-03-17T08:02:02.204Z;230660000;23.01752;63.844968333333334;0.0;295.9;5;0;0;128;17
2018-03-17T08:02:02.234Z;230661000;22.75829666666667;64.41995333333334;9.1;205.1;0;0;0;202;0
2018-03-17T08:01:55.312Z;230982010;21.142336666666665;63.21174833333334;0.1;334.4;15;0;0;511;53
2018-03-17T08:01:44.949Z;230938560;23.019433333333332;63.844118333333334;0.1;352.7;5;0;0;511;42
2018-03-17T08:01:48.913Z;230993710;28.839698333333335;61.875355;0.0;326.5;5;0;0;339;46
2018-03-17T08:02:01.648Z;230337000;25.428048333333333;65.00598;0.0;0.0;0;0;0;511;0
2018-03-17T08:01:57.819Z;230013790;24.407201666666666;64.66668333333334;0.1;345.1;0;0;0;191;55
2018-03-17T08:01:51.415Z;230937650;21.448703333333334;61.132113333333336;0.1;322.9;5;0;0;310;48
2018-03-17T08:01:58.957Z;230006760;22.688133333333333;63.711800000000004;0.0;175.8;0;0;0;346;57
2018-03-17T08:01:58.875Z;236205000;22.515150000000002;64.22666333333333;0.0;40.6;0;0;0;14;54
2018-03-17T08:01:03.034Z;245241000;22.691088333333333;63.714155;0.0;50.7;5;0;0;176;1
2018-03-17T08:01:55.317Z;230656000;22.771866666666664;64.43055166666666;8.8;210.4;0;0;0;209;30
2018-03-17T08:01:55.339Z;230068740;28.944578333333332;61.844118333333334;0.0;283.8;0;0;0;176;54
2018-03-17T08:01:45.011Z;265528060;20.739056666666666;63.8628;0.0;320.0;0;0;0;51;44
2018-03-17T08:01:55.314Z;212308000;22.494848333333334;64.20966666666666;9.8;27.0;0;0;0;28;54
2018-03-17T08:02:02.233Z;246371000;23.82909833333333;65.17060166666667;10.6;24.8;0;0;0;23;0
2018-03-17T08:01:54.417Z;265066000;21.371758333333332;63.67663666666667;0.0;51.1;2;0;0;309;51
2018-03-17T08:01:57.824Z;230938570;21.217538333333334;62.35865166666667;0.0;270.3;0;0;0;191;55
2018-03-17T08:02:01.654Z;230290000;24.298836666666666;65.47381833333333;9.1;217.3;0;0;0;218;0
2018-03-17T08:02:02.213Z;276776000;21.47301333333333;61.1263;0.1;143.2;0;0;0;322;58
2018-03-17T08:01:55.312Z;230110910;21.215443333333333;62.344741666666664;0.0;337.5;0;0;0;332;53
2018-03-17T08:02:02.225Z;245717000;21.567798333333332;63.757045;3.9;229.7;0;0;0;227;0
2018-03-17T08:01:58.926Z;230282000;21.47843333333333;61.595636666666664;0.0;342.6;0;0;0;282;56
2018-03-17T08:01:58.955Z;230350000;22.792321666666666;64.44485333333334;7.9;211.0;0;0;0;211;58
2018-03-17T08:02:01.515Z;265182000;21.527423333333335;64.65584166666666;7.5;80.4;0;0;0;84;57
2018-03-17T08:01:34.932Z;244562000;21.449661666666668;61.12655666666667;0.0;332.8;5;0;0;72;32
2018-03-17T08:01:58.913Z;230358000;22.784226666666665;65.27066833333333;11.4;225.7;0;0;0;227;55
2018-03-17T08:01:52.064Z;244338000;20.097365;63.09938;11.9;211.4;0;0;0;211;49
2018-03-17T08:01:23.285Z;246630000;24.152093333333333;65.754965;0.0;74.9;5;0;0;75;20
2018-03-17T08:01:55.333Z;212880000;22.628235;64.316955;0.0;337.5;0;0;0;27;53
2018-03-17T08:01:58.875Z;259372000;24.304166666666667;65.47626666666666;8.5;224.6;0;0;0;226;53
2018-03-17T08:01:48.850Z;230990040;24.517895;65.66083166666667;0.0;28.2;5;0;0;38;43
2018-03-17T08:01:44.244Z;230992660;28.877248333333334;61.87711;0.0;0.0;5;0;0;511;40
2018-03-17T08:02:01.619Z;230111210;24.40639;64.66675000000001;0.1;337.2;0;0;0;511;1
2018-03-17T08:01:57.830Z;276585000;21.472586666666665;61.12602166666667;0.0;343.7;0;0;0;245;55
2018-03-17T08:01:55.320Z;265537680;23.27712166666667;65.79798333333333;0.1;328.2;0;0;0;307;53
2018-03-17T08:01:12.568Z;212838000;24.414973333333332;64.65910666666667;0.0;300.8;5;0;0;282;9
2018-03-17T08:02:01.519Z;266435000;22.78642;64.44075000000001;7.9;207.2;0;0;0;210;57
2018-03-17T08:01:58.878Z;245046000;19.56676;62.70356833333334;10.9;191.8;0;0;0;193;56
2018-03-17T08:01:21.186Z;258751000;25.395066666666665;65.005855;0.0;339.9;5;0;0;83;19
2018-03-17T08:01:57.839Z;230283000;21.478665;61.59665833333334;0.0;309.0;0;0;0;19;55
2018-03-17T08:02:01.653Z;230981050;25.06876;65.03731166666667;0.0;330.8;0;0;0;303;0
2018-03-17T08:01:58.945Z;230065310;23.693196666666665;64.22110333333333;0.1;298.3;0;0;0;319;58
2018-03-17T08:02:02.195Z;230052840;28.385518333333334;61.60462;0.2;183.7;3;0;0;183;59
2018-03-17T08:01:55.307Z;230070870;24.514486666666667;65.66499666666667;0.0;321.2;0;0;0;255;53
2018-03-17T08:01:58.934Z;230115340;21.464254999999998;61.594073333333334;0.0;180.9;15;0;0;261;57
2018-03-17T08:01:58.925Z;265067000;21.622823333333333;65.15630333333334;0.0;311.4;2;0;0;251;56
2018-03-17T08:02:02.228Z;230202000;22.746895;64.41172999999999;8.4;27.4;0;0;0;27;37
2018-03-17T08:02:02.222Z;244850612;22.780066666666666;64.436325;7.7;210.2;0;0;0;209;0
2018-03-17T08:01:34.972Z;245170000;21.09319;62.224244999999996;0.4;61.7;1;0;0;335;30
2018-03-17T08:02:02.225Z;236029000;21.28665;63.12883333333333;6.6;253.8;0;0;0;260;58
2018-03-17T08:01:51.413Z;305733000;20.419036666666667;63.314706666666666;9.6;218.3;0;0;0;219;49
2018-03-17T08:01:55.329Z;305961000;19.630983333333333;62.80136666666667;6.4;39.1;0;0;0;40;50
2018-03-17T08:01:44.988Z;236490000;21.431916666666666;61.13072666666667;0.0;82.0;5;0;0;82;42
2018-03-17T08:02:02.212Z;305463000;24.155323333333335;65.7542;0.0;161.2;5;0;0;59;13
2018-03-17T08:02:02.221Z;538090507;21.580485;63.76268;5.7;223.3;0;0;0;222;0
2018-03-17T08:02:32.333Z;230662000;20.119066666666665;63.113929999999996;11.2;207.6;0;0;0;209;29
2018-03-17T08:02:58.597Z;246798000;24.61456666666667;65.68925;0.0;284.0;0;0;0;284;53
2018-03-17T08:02:58.565Z;236611000;22.762238333333336;64.42319166666667;8.7;206.5;0;0;0;207;55
2018-03-17T08:02:54.100Z;230025040;21.448848333333334;61.132235;0.1;302.0;0;0;0;307;50
2018-03-17T08:03:01.561Z;230252000;22.501373333333333;64.21454666666666;10.3;30.4;0;0;0;32;0
2018-03-17T08:02:54.862Z;230003110;24.406451666666666;64.66635666666667;0.0;321.7;0;0;0;511;50
2018-03-17T08:03:01.445Z;212409000;21.22296833333333;63.11949166666667;10.8;70.7;0;0;0;73;56
2018-03-17T08:02:54.876Z;230981750;21.57171;63.08090166666667;0.0;149.9;0;0;0;22;53
2018-03-17T08:03:02.300Z;230980260;24.415796666666665;64.65940666666667;0.0;0.0;15;0;0;18;58
2018-03-17T08:02:36.981Z;230645000;24.405466666666666;64.65387833333334;0.0;166.0;5;0;0;166;33
2018-03-17T08:02:58.559Z;373437000;20.197983333333333;63.17136666666667;13.5;23.0;0;0;0;27;52
2018-03-17T08:02:44.247Z;236306000;24.408756666666665;64.654645;0.0;278.5;5;0;0;168;39
2018-03-17T08:02:58.571Z;230245000;21.561136666666666;63.75400666666667;6.2;219.4;3;0;0;222;56
2018-03-17T08:03:01.546Z;265088000;21.667506666666668;64.66123166666667;0.3;66.0;0;0;0;96;59
2018-03-17T08:03:01.466Z;244850900;19.527571666666667;62.62139666666667;12.9;184.1;0;0;0;184;59
2018-03-17T08:02:18.363Z;230356000;21.571166666666667;63.08116666666667;0.0;299.0;5;0;0;27;13
2018-03-17T08:02:57.527Z;230071310;27.696911666666665;62.891751666666664;0.0;345.3;0;0;0;511;55
2018-03-17T08:03:02.308Z;230987160;24.40666666666667;64.66666666666667;0.0;262.0;15;0;0;94;57
2018-03-17T08:02:58.600Z;230109170;23.025358333333333;63.842036666666665;0.0;189.0;0;0;0;511;54
2018-03-17T08:02:58.644Z;266450000;23.367421666666665;65.76858333333332;0.8;154.9;15;0;0;157;57
2018-03-17T08:02:19.636Z;259890000;25.418885;65.00198833333333;0.0;34.4;5;0;0;42;16
2018-03-17T08:02:54.913Z;230916000;22.812593333333332;64.462005;10.3;34.0;0;0;0;34;52
2018-03-17T08:02:54.910Z;230011590;24.557255;65.040545;0.0;181.6;0;0;0;352;52
2018-03-17T08:02:57.500Z;230081290;21.444770000000002;61.12657166666667;0.0;310.2;0;0;0;5;54
2018-03-17T08:03:01.573Z;230956000;22.799719999999997;64.45287833333333;10.9;31.5;0;0;0;31;1
2018-03-17T08:02:54.916Z;230941170;21.44737;61.13064833333333;0.0;0.0;3;0;0;511;52
2018-03-17T08:03:01.468Z;230636000;21.17177;63.11719666666667;12.6;278.0;0;0;0;277;57
2018-03-17T08:03:01.441Z;230988890;23.02495;63.84195;0.0;213.8;0;0;0;237;56
2018-03-17T08:02:19.658Z;244389000;23.031511666666667;63.86137166666666;0.1;25.0;5;0;0;115;14
2018-03-17T08:03:02.324Z;230251000;23.83628666666667;65.17734;10.9;24.7;0;0;0;25;53
2018-03-17T08:02:54.858Z;230025470;21.571843333333334;63.081545;0.1;357.8;0;0;0;511;51
2018-03-17T08:02:12.529Z;230667000;23.018306666666668;63.844678333333334;0.0;242.9;5;0;0;133;9
2018-03-17T08:03:01.545Z;230661000;22.75581;64.41758;9.5;204.3;0;0;0;202;0
2018-03-17T08:02:54.927Z;230982010;21.14236833333333;63.211756666666666;0.0;338.0;15;0;0;511;54
2018-03-17T08:03:01.576Z;230337000;25.428054999999997;65.00597833333333;0.0;0.0;0;0;0;511;0
2018-03-17T08:02:57.529Z;230013790;24.407201666666666;64.666685;0.1;13.5;0;0;0;191;55
2018-03-17T08:02:58.641Z;230006760;22.68815;63.711800000000004;0.0;182.4;0;0;0;346;56
2018-03-17T08:02:12.516Z;210230000;21.447533333333336;61.114799999999995;0.0;257.0;5;0;0;85;7
2018-03-17T08:02:58.568Z;236205000;22.51517;64.22667333333332;0.1;42.6;0;0;0;14;54
2018-03-17T08:02:54.916Z;230656000;22.76907;64.428435;9.0;210.4;0;0;0;208;30
2018-03-17T08:02:54.938Z;230068740;28.944571666666665;61.844116666666665;0.0;282.0;0;0;0;178;54
2018-03-17T08:02:54.898Z;265528060;20.738960000000002;63.86280166666666;0.0;324.6;0;0;0;51;53
2018-03-17T08:02:54.912Z;212308000;22.49747166666667;64.21173333333334;7.5;30.0;0;0;0;31;54
2018-03-17T08:03:01.543Z;246371000;23.832135;65.17334166666667;10.9;25.6;0;0;0;23;1
2018-03-17T08:02:14.842Z;266248000;24.513383333333334;65.66562333333333;0.0;230.0;5;0;0;230;9
2018-03-17T08:02:54.854Z;265066000;21.371758333333332;63.67663666666667;0.0;45.6;2;0;0;309;51
2018-03-17T08:02:54.942Z;230938570;21.217528333333334;62.35866166666666;0.0;102.2;0;0;0;191;54
2018-03-17T08:03:02.301Z;230290000;24.29544333333333;65.47192;8.3;218.5;0;0;0;217;58
2018-03-17T08:02:09.157Z;230343000;25.42737;65.00557333333333;0.0;100.8;5;0;0;228;6
2018-03-17T08:03:02.315Z;276776000;21.47298333333333;61.126295;0.0;143.2;0;0;0;322;57
2018-03-17T08:02:54.911Z;230110910;21.21544;62.344746666666666;0.0;337.5;0;0;0;332;53
2018-03-17T08:03:02.325Z;245717000;21.566008333333333;63.756285000000005;4.2;228.3;0;0;0;229;0
2018-03-17T08:02:58.636Z;230282000;21.478431666666665;61.595635;0.0;329.3;0;0;0;282;56
2018-03-17T08:03:01.442Z;230350000;22.78956833333333;64.442955;8.1;213.4;0;0;0;210;58
2018-03-17T08:02:26.244Z;245091000;24.15628;65.75288333333333;0.0;78.3;5;0;0;325;41
2018-03-17T08:03:01.457Z;265182000;21.53237;64.65603833333333;8.3;86.9;0;0;0;85;57
2018-03-17T08:02:58.602Z;230358000;22.778811666666666;65.26846666666667;11.4;225.9;0;0;0;227;55
2018-03-17T08:03:02.305Z;244338000;20.092991666666666;63.096064999999996;11.9;211.1;0;0;0;212;59
2018-03-17T08:02:54.942Z;212880000;22.628241666666668;64.31696666666667;0.0;17.8;0;0;0;27;53
2018-03-17T08:02:58.566Z;259372000;24.300366666666665;65.47461666666666;8.2;220.6;0;0;0;220;53
2018-03-17T08:03:01.553Z;230111210;24.406395;64.66674833333333;0.0;336.3;0;0;0;511;1
2018-03-17T08:02:26.252Z;230989410;21.447456666666668;61.13097833333334;0.0;221.6;5;0;0;511;25
2018-03-17T08:02:58.560Z;276585000;21.472578333333335;61.126023333333336;0.0;321.9;0;0;0;245;55
2018-03-17T08:02:54.920Z;265537680;23.27712;65.79799833333333;0.0;312.5;0;0;0;307;53
2018-03-17T08:03:01.467Z;266435000;22.78357833333333;64.438895;8.1;216.6;0;0;0;214;57
2018-03-17T08:02:58.585Z;212123000;23.635148333333333;64.71668166666667;0.1;289.9;2;0;0;290;55
2018-03-17T08:02:58.572Z;245046000;19.56545;62.700575;11.0;193.3;0;0;0;197;56
2018-03-17T08:02:58.561Z;230283000;21.478668333333335;61.596651666666666;0.0;307.6;0;0;0;18;55
2018-03-17T08:03:01.585Z;230981050;25.068743333333334;65.03732333333333;0.0;345.1;0;0;0;303;0
2018-03-17T08:02:58.633Z;230065310;23.6932;64.22111;0.0;240.8;0;0;0;318;57
2018-03-17T08:03:02.304Z;230052840;28.385516666666668;61.604614999999995;0.0;183.4;3;0;0;183;59
2018-03-17T08:02:44.292Z;230070870;24.51447;65.66506333333334;0.0;6.5;0;0;0;255;43
2018-03-17T08:02:58.637Z;230115340;21.464226666666665;61.59408;0.0;175.4;15;0;0;261;57
2018-03-17T08:02:58.635Z;265067000;21.622823333333333;65.15630166666666;0.0;226.8;2;0;0;252;56
2018-03-17T08:03:02.328Z;230202000;22.749495000000003;64.41383833333333;8.6;28.1;0;0;0;27;37
2018-03-17T08:03:02.331Z;244850612;22.777248333333333;64.43438333333333;8.8;212.9;0;0;0;211;1
2018-03-17T08:03:01.460Z;230984090;21.447439999999997;61.13084666666667;0.0;339.2;5;0;0;311;58
2018-03-17T08:03:02.325Z;236029000;21.28261666666667;63.128299999999996;7.1;253.2;0;0;0;259;57
2018-03-17T08:02:05.314Z;230601000;24.158521666666665;65.75188;0.0;353.8;5;0;0;151;60
2018-03-17T08:02:51.621Z;636091859;24.404658333333334;64.660285;0.0;28.7;5;0;0;307;50
2018-03-17T08:02:58.637Z;305733000;20.414963333333333;63.31232;9.5;218.0;0;0;0;218;57
2018-03-17T08:02:09.175Z;305961000;19.6316;62.8017;6.7;40.0;0;0;0;40;4
2018-03-17T08:03:02.322Z;538090507;21.577485000000003;63.761245;7.8;222.8;0;0;0;222;0
2018-03-17T08:03:20.780Z;230662000;20.116393333333335;63.111641666666664;11.3;207.5;0;0;0;211;19
2018-03-17T08:03:59.495Z;246798000;24.614568333333334;65.68925;0.1;14.0;0;0;0;284;53
2018-03-17T08:04:00.455Z;236611000;22.75966833333333;64.42096;8.9;206.1;0;0;0;206;56
2018-03-17T08:04:02.977Z;230025040;21.448856666666664;61.13222833333334;0.0;184.0;0;0;0;309;1
2018-03-17T08:04:02.927Z;230252000;22.50410833333333;64.21652333333333;7.4;30.2;0;0;0;31;0
2018-03-17T08:03:55.481Z;230003110;24.40645;64.66634333333333;0.0;321.7;0;0;0;511;51
2018-03-17T08:03:26.412Z;244850226;21.45365;61.126999999999995;0.0;352.1;5;0;0;248;21
2018-03-17T08:03:56.408Z;212409000;21.22876;63.12040833333333;10.4;71.5;0;0;0;73;53
2018-03-17T08:03:55.494Z;230981750;21.571708333333333;63.08090166666667;0.1;153.3;0;0;0;22;53
2018-03-17T08:04:00.536Z;230980260;24.415916666666664;64.65939166666666;0.0;0.0;15;0;0;18;58
2018-03-17T08:03:56.425Z;373437000;20.201966666666667;63.17466666666667;13.6;31.0;0;0;0;33;52
2018-03-17T08:03:56.430Z;230245000;21.558476666666664;63.75282333333334;7.0;225.8;3;0;0;226;56
2018-03-17T08:03:52.966Z;265088000;21.667691666666666;64.66126166666666;0.3;67.2;0;0;0;101;49
2018-03-17T08:04:00.529Z;244850900;19.527013333333333;62.617846666666665;12.9;183.7;0;0;0;184;59
2018-03-17T08:03:56.410Z;230071310;27.696913333333335;62.891783333333336;0.1;347.0;0;0;0;511;55
2018-03-17T08:03:51.997Z;230995660;23.019046666666668;63.84443;0.1;7.1;5;0;0;112;49
2018-03-17T08:04:00.545Z;230987160;24.40666666666667;64.66666666666667;0.0;215.0;15;0;0;93;57
2018-03-17T08:03:59.509Z;230109170;23.025358333333333;63.842036666666665;0.0;172.4;0;0;0;511;54
2018-03-17T08:04:00.507Z;266450000;23.367263333333334;65.76872666666667;1.2;337.7;15;0;0;158;57
2018-03-17T08:03:56.357Z;230916000;22.816275;64.46443500000001;10.6;32.0;0;0;0;32;52
2018-03-17T08:03:56.355Z;230011590;24.557258333333333;65.04054333333333;0.0;197.1;0;0;0;353;52
2018-03-17T08:03:56.400Z;230081290;21.444775;61.12660666666667;0.0;163.8;0;0;0;6;54
2018-03-17T08:03:09.547Z;230325000;28.945333333333334;61.843833333333336;0.0;24.0;5;0;0;273;6
2018-03-17T08:04:02.939Z;230956000;22.803363333333333;64.45541666666666;10.8;29.2;0;0;0;29;2
2018-03-17T08:03:41.168Z;230109450;24.513916666666667;65.66487;0.0;54.7;5;0;0;225;36
2018-03-17T08:03:56.359Z;230941170;21.447371666666665;61.13064833333333;0.0;0.0;3;0;0;511;52
2018-03-17T08:04:00.532Z;230636000;21.164008333333335;63.11763666666666;12.9;279.0;0;0;0;281;57
2018-03-17T08:04:00.510Z;230988890;23.02495;63.84195;0.0;222.6;0;0;0;238;56
2018-03-17T08:04:00.525Z;230940340;23.716103333333333;64.22228;0.0;19.1;5;0;0;124;0
2018-03-17T08:04:02.884Z;230251000;23.83896;65.17989333333334;10.1;23.1;0;0;0;24;52
2018-03-17T08:03:53.012Z;230025470;21.571796666666668;63.08155;0.1;7.1;0;0;0;511;51
2018-03-17T08:04:02.905Z;230661000;22.753266666666665;64.41524;9.3;206.3;0;0;0;204;0
2018-03-17T08:03:56.386Z;230982010;21.142366666666664;63.21176166666667;0.0;348.1;15;0;0;511;54
2018-03-17T08:04:02.953Z;230337000;25.428058333333336;65.00597833333333;0.0;0.0;0;0;0;511;0
2018-03-17T08:03:56.416Z;230013790;24.407201666666666;64.666685;0.1;220.3;0;0;0;189;55
2018-03-17T08:04:00.494Z;230006760;22.68815;63.711800000000004;0.0;188.2;0;0;0;347;56
2018-03-17T08:03:56.396Z;230091500;22.68870666666667;63.71055333333334;0.0;269.7;5;0;0;332;54
2018-03-17T08:03:56.428Z;236205000;22.515188333333334;64.22668333333334;0.0;39.8;0;0;0;14;54
2018-03-17T08:04:02.960Z;245241000;22.691076666666667;63.71413666666667;0.0;50.7;5;0;0;176;1
2018-03-17T08:03:56.360Z;230656000;22.766306666666665;64.42619666666667;9.1;210.0;0;0;0;209;30
2018-03-17T08:03:55.493Z;230068740;28.94459;61.84412;0.0;332.4;0;0;0;177;53
2018-03-17T08:03:56.357Z;212308000;22.500126666666667;64.21366833333333;8.9;30.0;0;0;0;30;54
2018-03-17T08:04:02.906Z;246371000;23.835176666666666;65.17602666666667;10.7;24.1;0;0;0;22;1
2018-03-17T08:03:53.008Z;265066000;21.371758333333332;63.67663833333334;0.0;322.5;2;0;0;309;51
2018-03-17T08:03:56.396Z;230938570;21.217528333333334;62.35863166666666;0.0;302.3;0;0;0;191;54
2018-03-17T08:04:02.964Z;230290000;24.292351666666665;65.47022166666666;7.1;219.3;0;0;0;218;0
2018-03-17T08:04:00.551Z;276776000;21.473006666666667;61.126295;0.1;143.2;0;0;0;323;57
2018-03-17T08:03:56.356Z;230110910;21.21544;62.34474;0.0;337.5;0;0;0;332;53
2018-03-17T08:04:02.885Z;245717000;21.563485;63.75521333333334;7.0;224.5;0;0;0;222;0
2018-03-17T08:04:00.487Z;230282000;21.478441666666665;61.59562666666667;0.0;331.6;0;0;0;281;56
2018-03-17T08:04:00.513Z;230350000;22.786985;64.44097833333333;8.1;207.2;0;0;0;209;58
2018-03-17T08:03:56.398Z;265182000;21.537663333333334;64.65619166666667;8.8;84.8;0;0;0;85;53
2018-03-17T08:04:00.454Z;230358000;22.773406666666666;65.26626833333333;11.7;225.6;0;0;0;227;55
2018-03-17T08:03:13.026Z;244338000;20.092283333333334;63.09556;11.9;211.7;0;0;0;212;10
2018-03-17T08:04:00.517Z;212880000;22.62825666666667;64.31698166666666;0.0;19.9;0;0;0;26;57
2018-03-17T08:03:56.428Z;259372000;24.29695;65.47276666666667;8.5;215.9;0;0;0;218;53
2018-03-17T08:04:02.913Z;230111210;24.406398333333335;64.66674833333333;0.0;339.6;0;0;0;511;1
2018-03-17T08:03:56.426Z;276585000;21.472553333333334;61.126035;0.0;54.6;0;0;0;244;55
2018-03-17T08:03:24.160Z;265537680;23.277145;65.797995;0.0;356.2;0;0;0;307;22
2018-03-17T08:03:52.994Z;266435000;22.78117166666667;64.43725333333333;7.7;211.1;0;0;0;211;50
2018-03-17T08:03:56.433Z;245046000;19.563744999999997;62.69762166666667;11.0;197.5;0;0;0;200;56
2018-03-17T08:04:00.485Z;230283000;21.478650000000002;61.59665333333333;0.0;327.4;0;0;0;18;57
2018-03-17T08:04:02.969Z;230981050;25.068738333333332;65.037335;0.0;300.9;0;0;0;303;0
2018-03-17T08:03:31.311Z;253377000;24.151025;65.75542;0.0;1.7;5;0;0;345;30
2018-03-17T08:04:00.490Z;230065310;23.693211666666667;64.22110666666667;0.0;280.6;0;0;0;318;57
2018-03-17T08:04:00.540Z;230052840;28.38552333333333;61.60462833333334;0.0;183.8;3;0;0;183;59
2018-03-17T08:03:26.403Z;230070870;24.514446666666668;65.66509666666667;0.0;1.3;0;0;0;255;24
2018-03-17T08:04:00.488Z;230115340;21.464215000000003;61.59410166666667;0.0;190.5;15;0;0;260;57
2018-03-17T08:04:00.491Z;265067000;21.622821666666667;65.15630333333334;0.0;1.6;2;0;0;252;56
2018-03-17T08:04:02.889Z;230202000;22.751998333333333;64.41590666666667;8.3;29.4;0;0;0;27;37
2018-03-17T08:04:02.894Z;244850612;22.774060000000002;64.43225;9.1;211.7;0;0;0;209;1
2018-03-17T08:03:20.806Z;236029000;21.2811;63.1281;7.3;253.0;0;0;0;259;18
2018-03-17T08:03:30.622Z;305733000;20.41325833333333;63.311256666666665;9.4;215.9;0;0;0;219;27
2018-03-17T08:04:02.879Z;538090507;21.57395;63.759615000000004;7.8;225.7;0;0;0;225;0
2018-03-17T08:04:13.534Z;244830818;23.0383;63.85990833333334;0.0;360.0;5;0;0;291;10
2018-03-17T08:04:59.254Z;246798000;24.61456666666667;65.68926666666667;0.0;284.0;0;0;0;284;53
2018-03-17T08:04:59.264Z;236611000;22.757173333333334;64.41872500000001;8.9;206.4;0;0;0;206;56
2018-03-17T08:05:02.579Z;230025040;21.448855;61.13223166666667;0.0;126.0;0;0;0;308;1
2018-03-17T08:05:02.552Z;230252000;22.506793333333334;64.218395;8.8;32.8;0;0;0;33;0
2018-03-17T08:04:55.117Z;230003110;24.40649833333333;64.66635000000001;0.0;321.7;0;0;0;511;51
2018-03-17T08:05:01.524Z;212409000;21.235095;63.121181666666665;10.1;75.9;0;0;0;76;57
2018-03-17T08:04:55.127Z;230981750;21.571711666666666;63.08090333333334;0.0;9.5;0;0;0;23;53
2018-03-17T08:05:01.523Z;230980260;24.415833333333335;64.65941833333333;0.0;0.0;15;0;0;19;58
2018-03-17T08:04:07.024Z;230941690;21.449118333333335;61.13235666666667;0.0;328.4;5;0;0;511;5
2018-03-17T08:04:57.997Z;373437000;20.20671666666667;63.177733333333336;13.5;35.0;0;0;0;36;53
2018-03-17T08:04:59.228Z;230245000;21.555076666666665;63.751446666666666;8.2;228.3;3;0;0;227;56
2018-03-17T08:04:51.860Z;265088000;21.667826666666667;64.66131166666666;0.3;58.0;0;0;0;106;49
2018-03-17T08:05:01.510Z;244850900;19.526493333333335;62.614288333333334;12.8;184.0;0;0;0;184;59
2018-03-17T08:04:57.978Z;230071310;27.696931666666668;62.891775;0.0;346.3;0;0;0;511;55
2018-03-17T08:05:02.514Z;230987160;24.40666666666667;64.66666666666667;0.0;328.0;15;0;0;94;57
2018-03-17T08:04:59.261Z;230109170;23.02536;63.84204833333333;0.0;170.3;0;0;0;511;54
2018-03-17T08:04:48.024Z;230651000;21.443413333333336;61.12657333333333;0.0;46.9;5;0;0;255;45
2018-03-17T08:04:51.806Z;266450000;23.367403333333336;65.76855666666667;3.5;162.5;15;0;0;166;48
2018-03-17T08:04:18.498Z;235035113;25.415391666666668;64.99747166666667;0.1;315.2;5;0;0;320;15
2018-03-17T08:04:25.135Z;230108490;25.195361666666667;65.00884666666667;0.0;152.0;5;0;0;110;20
2018-03-17T08:04:44.324Z;230111650;21.571336666666664;63.081035;0.0;353.6;5;0;0;511;41
2018-03-17T08:04:55.141Z;230916000;22.819656666666667;64.46694166666667;10.4;30.0;0;0;0;32;52
2018-03-17T08:04:44.342Z;230011590;24.557258333333333;65.04054333333333;0.0;204.4;0;0;0;353;42
2018-03-17T08:04:55.173Z;230081290;21.444776666666666;61.126615;0.0;165.8;0;0;0;5;54
2018-03-17T08:05:02.561Z;230956000;22.806635000000004;64.45802;10.7;28.9;0;0;0;30;2
2018-03-17T08:04:55.142Z;230941170;21.447375;61.130649999999996;0.0;0.0;3;0;0;511;52
2018-03-17T08:05:01.512Z;230636000;21.156293333333334;63.118500000000004;13.1;287.0;0;0;0;288;57
2018-03-17T08:04:59.301Z;230988890;23.024966666666668;63.84195;0.0;205.9;0;0;0;237;56
2018-03-17T08:05:01.506Z;230940340;23.716113333333332;64.22227666666667;0.0;19.1;5;0;0;124;0
2018-03-17T08:04:59.265Z;230251000;23.84168833333333;65.18244;10.8;23.2;0;0;0;26;49
2018-03-17T08:05:02.590Z;230025470;21.571835;63.081543333333336;0.1;7.4;0;0;0;511;1
2018-03-17T08:05:01.531Z;230660000;23.017516666666666;63.844969999999996;0.0;295.9;5;0;0;129;17
2018-03-17T08:05:02.542Z;230661000;22.750288333333334;64.41294;9.3;210.0;0;0;0;208;0
2018-03-17T08:04:55.154Z;230982010;21.14239;63.211735;0.0;353.9;15;0;0;511;54
2018-03-17T08:04:44.321Z;230938560;23.01942;63.84402;0.0;356.7;5;0;0;511;42
2018-03-17T08:04:48.048Z;230993710;28.8397;61.875355;0.0;218.4;5;0;0;339;46
2018-03-17T08:05:02.567Z;230337000;25.428061666666668;65.00597833333333;0.0;0.0;0;0;0;511;0
2018-03-17T08:04:57.990Z;230013790;24.4072;64.666685;0.0;103.5;0;0;0;190;55
2018-03-17T08:04:50.976Z;230937650;21.448695;61.13210166666667;0.1;120.2;5;0;0;310;47
2018-03-17T08:04:59.287Z;230006760;22.68815;63.711800000000004;0.0;187.6;0;0;0;346;56
2018-03-17T08:04:59.225Z;236205000;22.515210000000003;64.226695;0.1;41.9;0;0;0;14;54
2018-03-17T08:04:03.692Z;245241000;22.691076666666667;63.71413666666667;0.0;50.7;5;0;0;176;1
2018-03-17T08:04:55.143Z;230656000;22.763289999999998;64.423985;9.3;210.3;0;0;0;207;30
2018-03-17T08:04:55.126Z;230068740;28.944588333333336;61.84412;0.0;308.4;0;0;0;176;53
2018-03-17T08:04:55.176Z;212308000;22.503223333333334;64.21589666666667;9.8;31.0;0;0;0;30;54
2018-03-17T08:04:54.277Z;246371000;23.837593333333334;65.17836333333334;10.8;23.5;0;0;0;22;50
2018-03-17T08:04:55.107Z;265066000;21.371758333333332;63.67663666666667;0.0;189.9;2;0;0;309;51
2018-03-17T08:04:55.172Z;230938570;21.21754;62.35863333333334;0.0;348.3;0;0;0;191;54
2018-03-17T08:05:02.563Z;230290000;24.289041666666666;65.46854;8.7;219.6;0;0;0;219;0
2018-03-17T08:05:02.521Z;276776000;21.473005;61.12627666666666;0.0;143.2;0;0;0;322;58
2018-03-17T08:04:55.139Z;230110910;21.215428333333332;62.344728333333336;0.0;337.5;0;0;0;333;53
2018-03-17T08:05:02.531Z;245717000;21.5596;63.75336166666667;10.5;225.9;0;0;0;228;0
2018-03-17T08:04:59.282Z;230282000;21.478448333333333;61.59563;0.0;348.7;0;0;0;282;56
2018-03-17T08:04:59.302Z;230350000;22.784276666666663;64.43907;8.0;214.4;0;0;0;213;58
2018-03-17T08:04:26.171Z;265182000;21.540685;64.65629833333334;9.5;85.2;0;0;0;85;23
2018-03-17T08:04:33.711Z;244562000;21.44968;61.12651;0.0;332.8;5;0;0;72;32
2018-03-17T08:04:59.267Z;230358000;22.767723333333333;65.26395166666667;12.2;225.8;0;0;0;227;55
2018-03-17T08:04:55.171Z;212880000;22.628275;64.31699666666667;0.0;27.2;0;0;0;26;53
2018-03-17T08:04:55.151Z;259372000;24.29351666666667;65.4709;8.7;217.0;0;0;0;219;52
2018-03-17T08:04:48.009Z;230990040;24.517985;65.66081666666666;0.0;28.2;5;0;0;39;43
2018-03-17T08:04:40.937Z;230992660;28.87713;61.87715;0.0;0.0;5;0;0;511;36
2018-03-17T08:05:02.556Z;230111210;24.406386666666666;64.66671333333333;0.0;341.4;0;0;0;511;1
2018-03-17T08:04:58.004Z;276585000;21.472548333333336;61.126038333333334;0.0;204.3;0;0;0;244;55
2018-03-17T08:04:10.959Z;212838000;24.414973333333332;64.65911833333332;0.0;282.0;5;0;0;282;8
2018-03-17T08:04:54.262Z;266435000;22.77859833333333;64.435395;7.9;211.3;0;0;0;211;50
2018-03-17T08:04:59.232Z;245046000;19.56162;62.694705;11.1;199.0;0;0;0;200;56
2018-03-17T08:04:22.537Z;258751000;25.395135;65.00595;0.0;339.9;5;0;0;83;19
2018-03-17T08:04:59.281Z;230283000;21.47864666666667;61.59664833333333;0.0;337.4;0;0;0;19;57
2018-03-17T08:05:02.572Z;230981050;25.068726666666667;65.03732666666666;0.0;1.3;0;0;0;303;0
2018-03-17T08:04:59.280Z;230065310;23.693206666666665;64.221125;0.0;297.7;0;0;0;319;57
2018-03-17T08:04:59.305Z;230052840;28.385516666666668;61.60462833333334;0.0;183.5;3;0;0;183;58
2018-03-17T08:04:59.298Z;230115340;21.464201666666668;61.59413166666666;0.0;188.2;15;0;0;260;58
2018-03-17T08:04:48.041Z;265067000;21.622821666666667;65.15630166666666;0.0;343.0;2;0;0;252;45
2018-03-17T08:05:02.534Z;230202000;22.754695;64.41797666666666;9.0;29.0;0;0;0;26;37
2018-03-17T08:05:02.538Z;244850612;22.771133333333335;64.43001;9.4;208.8;0;0;0;207;1
2018-03-17T08:04:40.910Z;245170000;21.093875;62.224354999999996;0.4;73.6;1;0;0;326;35
2018-03-17T08:04:40.957Z;305961000;19.639799999999997;62.80638333333333;9.9;40.5;0;0;0;44;36
2018-03-17T08:04:44.328Z;236490000;21.431919999999998;61.13073166666666;0.0;82.0;5;0;0;82;41
2018-03-17T08:05:02.575Z;305463000;24.155379999999997;65.75413833333333;0.0;161.2;5;0;0;59;15
2018-03-17T08:05:02.528Z;538090507;21.570433333333334;63.75819833333333;7.5;227.3;0;0;0;226;0
2018-03-17T08:05:58.406Z;246798000;24.614568333333334;65.68926666666667;0.0;284.0;0;0;0;284;53
2018-03-17T08:05:58.415Z;236611000;22.755015;64.41677833333333;6.9;205.8;0;0;0;207;56
2018-03-17T08:05:53.845Z;230025040;21.448853333333332;61.13223166666667;0.1;270.0;0;0;0;309;50
2018-03-17T08:05:58.432Z;230252000;22.5098;64.22052166666667;10.4;31.7;0;0;0;34;56
2018-03-17T08:05:54.785Z;230003110;24.406478333333332;64.666345;0.0;321.7;0;0;0;511;51
2018-03-17T08:05:58.412Z;212409000;21.240648333333336;63.12188166666667;9.7;74.4;0;0;0;77;54
2018-03-17T08:05:54.794Z;230981750;21.571708333333333;63.08090333333334;0.0;179.2;0;0;0;23;53
2018-03-17T08:05:51.477Z;230980260;24.415901666666667;64.659415;0.0;0.0;15;0;0;20;47
2018-03-17T08:05:36.332Z;230645000;24.405466666666666;64.653875;0.1;211.0;5;0;0;166;33
2018-03-17T08:05:58.377Z;373437000;20.211866666666666;63.18071666666666;13.6;38.0;0;0;0;35;52
2018-03-17T08:05:40.650Z;236306000;24.408736666666666;64.654655;0.0;278.5;5;0;0;168;38
2018-03-17T08:05:58.385Z;230245000;21.550515;63.74964166666667;9.7;229.9;3;0;0;229;56
2018-03-17T08:05:51.564Z;265088000;21.667983333333332;64.66136166666666;0.3;49.5;0;0;0;111;49
2018-03-17T08:05:51.498Z;244850900;19.526093333333332;62.61134333333334;12.7;183.8;0;0;0;184;49
2018-03-17T08:05:15.931Z;230356000;21.571166666666667;63.08116666666667;0.0;334.0;5;0;0;27;11
2018-03-17T08:05:58.367Z;230071310;27.696955;62.89178666666667;0.0;335.5;0;0;0;511;55
2018-03-17T08:05:51.518Z;230987160;24.40666666666667;64.66666666666667;0.1;339.0;15;0;0;93;47
2018-03-17T08:05:58.413Z;230109170;23.025355;63.84205166666666;0.0;167.7;0;0;0;511;54
2018-03-17T08:05:57.279Z;266450000;23.367624999999997;65.76718166666667;4.6;189.3;15;0;0;190;54
2018-03-17T08:05:21.326Z;259890000;25.418928333333334;65.00197833333333;0.0;34.4;5;0;0;42;16
2018-03-17T08:05:54.807Z;230916000;22.82308;64.46932333333334;9.5;30.0;0;0;0;29;52
2018-03-17T08:05:54.805Z;230011590;24.557256666666667;65.04054333333333;0.0;186.8;0;0;0;353;52
2018-03-17T08:05:57.265Z;230081290;21.44479;61.126603333333335;0.0;171.0;0;0;0;5;54
2018-03-17T08:05:54.778Z;230956000;22.809563333333333;64.46016333333334;10.3;30.3;0;0;0;31;53
2018-03-17T08:05:54.809Z;230941170;21.447376666666667;61.13064833333333;0.0;0.0;3;0;0;511;52
2018-03-17T08:05:51.505Z;230636000;21.149888333333333;63.119569999999996;13.1;294.0;0;0;0;294;48
2018-03-17T08:05:47.433Z;230988890;23.02495;63.84195;0.0;186.6;0;0;0;237;45
2018-03-17T08:05:21.334Z;244389000;23.031511666666667;63.86137166666666;0.1;249.9;5;0;0;115;14
2018-03-17T08:05:57.275Z;230940340;23.716093333333333;64.22226666666667;0.0;19.1;5;0;0;124;56
2018-03-17T08:05:58.416Z;230251000;23.847285;65.18379;10.1;92.8;0;0;0;120;49
2018-03-17T08:05:54.779Z;230025470;21.571833333333334;63.081585000000004;0.1;11.5;0;0;0;511;51
2018-03-17T08:05:12.539Z;230667000;23.018301666666666;63.844683333333336;0.0;242.9;5;0;0;133;9
2018-03-17T08:05:51.567Z;230661000;22.748209999999997;64.41140666666666;6.5;211.7;0;0;0;209;50
2018-03-17T08:05:54.821Z;230982010;21.14238;63.21174333333333;0.0;354.3;15;0;0;511;54
2018-03-17T08:05:53.843Z;230337000;25.428068333333332;65.00598;0.0;0.0;0;0;0;511;50
2018-03-17T08:05:58.373Z;230013790;24.407201666666666;64.66668666666666;0.0;286.1;0;0;0;192;55
2018-03-17T08:05:57.402Z;230006760;22.68815;63.711800000000004;0.0;184.4;0;0;0;347;56
2018-03-17T08:05:13.367Z;210230000;21.44751666666667;61.11476666666667;0.0;184.6;5;0;0;85;8
2018-03-17T08:05:58.383Z;236205000;22.515228333333333;64.226705;0.1;38.8;0;0;0;14;54
2018-03-17T08:05:54.809Z;230656000;22.760555;64.42164666666666;9.3;209.0;0;0;0;207;30
2018-03-17T08:05:54.794Z;230068740;28.94458;61.84411166666666;0.0;261.4;0;0;0;175;53
2018-03-17T08:05:57.269Z;212308000;22.506518333333336;64.21825166666666;10.0;33.0;0;0;0;33;55
2018-03-17T08:05:53.841Z;246371000;23.84039166666667;65.18110333333333;10.9;24.2;0;0;0;20;50
2018-03-17T08:05:16.671Z;266248000;24.513383333333334;65.66562833333333;0.0;230.0;5;0;0;230;11
2018-03-17T08:05:54.774Z;265066000;21.371758333333332;63.67663833333334;0.0;282.0;2;0;0;309;51
2018-03-17T08:05:57.263Z;230938570;21.217505000000003;62.35866;0.0;182.0;0;0;0;191;54
2018-03-17T08:05:51.496Z;230290000;24.28581;65.46701833333333;9.5;221.8;0;0;0;221;48
2018-03-17T08:05:10.067Z;230343000;25.427403333333334;65.00552666666667;0.1;15.2;5;0;0;229;6
2018-03-17T08:05:51.510Z;276776000;21.47305833333333;61.12628333333334;0.0;143.2;0;0;0;323;47
2018-03-17T08:05:54.788Z;230110910;21.215428333333332;62.34473;0.0;337.5;0;0;0;333;52
2018-03-17T08:05:51.508Z;245717000;21.555473333333335;63.75163666666666;10.4;228.6;0;0;0;229;49
2018-03-17T08:05:58.434Z;230282000;21.478448333333333;61.59563833333333;0.0;149.5;0;0;0;282;56
2018-03-17T08:05:47.421Z;230350000;22.782038333333333;64.43762833333334;7.5;212.6;0;0;0;211;46
2018-03-17T08:05:16.681Z;265182000;21.54607;64.656505;10.1;84.8;0;0;0;85;13
2018-03-17T08:05:58.417Z;230358000;22.76180833333333;65.26153666666667;12.3;225.6;0;0;0;227;56
2018-03-17T08:05:57.262Z;212880000;22.62829;64.31701;0.0;22.7;0;0;0;26;53
2018-03-17T08:05:54.819Z;259372000;24.28985;65.46898333333334;9.2;219.5;0;0;0;222;51
2018-03-17T08:05:54.769Z;230111210;24.406391666666664;64.66668833333333;0.0;342.9;0;0;0;511;52
2018-03-17T08:05:24.838Z;230989410;21.447446666666668;61.13098;0.0;221.6;5;0;0;511;23
2018-03-17T08:05:58.380Z;276585000;21.472575;61.126041666666666;0.0;30.4;0;0;0;245;55
2018-03-17T08:05:53.853Z;266435000;22.775753333333334;64.433515;8.1;213.5;0;0;0;212;50
2018-03-17T08:05:58.393Z;212123000;23.635186666666666;64.7167;0.0;289.9;2;0;0;290;55
2018-03-17T08:05:58.387Z;245046000;19.559381666666663;62.69181666666667;11.0;203.0;0;0;0;209;56
2018-03-17T08:05:58.432Z;230283000;21.478641666666665;61.59666666666667;0.0;191.2;0;0;0;18;57
2018-03-17T08:05:43.843Z;230981050;25.068726666666667;65.03732666666666;0.0;304.5;0;0;0;303;42
2018-03-17T08:05:58.429Z;230065310;23.69319833333333;64.22110833333333;0.0;255.1;0;0;0;318;57
2018-03-17T08:05:51.463Z;230052840;28.385515;61.60461833333333;0.0;183.3;3;0;0;183;48
2018-03-17T08:05:51.466Z;230115340;21.464195;61.59413333333334;0.0;180.4;15;0;0;260;48
2018-03-17T08:05:58.396Z;265067000;21.622821666666667;65.15630333333334;0.0;114.8;2;0;0;252;55
2018-03-17T08:05:51.494Z;230202000;22.75706166666667;64.41983333333333;9.6;29.7;0;0;0;26;26
2018-03-17T08:05:51.524Z;244850612;22.768671666666666;64.42816;9.0;210.9;0;0;0;208;50
2018-03-17T08:05:12.529Z;236029000;21.27305;63.126916666666666;7.5;249.9;0;0;0;257;8
2018-03-17T08:05:05.922Z;230601000;24.158515;65.75187166666666;0.0;353.8;5;0;0;151;60
2018-03-17T08:05:51.540Z;636091859;24.404678333333333;64.66028666666666;0.0;28.7;5;0;0;307;50
2018-03-17T08:05:42.820Z;305961000;19.644066666666667;62.808416666666666;10.5;44.4;0;0;0;45;36
2018-03-17T08:05:51.508Z;538090507;21.567946666666668;63.75717833333333;5.7;228.2;0;0;0;226;50
2018-03-17T08:06:52.066Z;230662000;20.103956666666665;63.10245666666666;10.8;212.0;0;0;0;214;50
2018-03-17T08:06:48.653Z;246798000;24.61456666666667;65.68926666666667;0.0;284.0;0;0;0;284;43
2018-03-17T08:06:54.716Z;236611000;22.752795;64.414965;8.6;209.2;0;0;0;209;52
2018-03-17T08:06:52.095Z;230025040;21.448856666666664;61.13223333333334;0.0;2.0;0;0;0;308;50
2018-03-17T08:06:54.806Z;230252000;22.51326;64.22293666666667;10.7;25.0;0;0;0;27;53
2018-03-17T08:06:55.231Z;230003110;24.40643;64.66636333333334;0.0;321.7;0;0;0;511;51
2018-03-17T08:06:27.256Z;244850226;21.453666666666667;61.126999999999995;0.0;139.8;5;0;0;248;22
2018-03-17T08:06:54.636Z;212409000;21.245976666666664;63.122555000000006;9.4;73.7;0;0;0;75;50
2018-03-17T08:06:54.686Z;230981750;21.57171;63.08090166666667;0.0;10.8;0;0;0;24;53
2018-03-17T08:06:51.223Z;230980260;24.41584333333333;64.65943833333333;0.0;246.5;15;0;0;17;47
2018-03-17T08:06:45.058Z;373437000;20.215983333333334;63.18315;13.8;37.0;0;0;0;35;41
2018-03-17T08:06:47.524Z;230245000;21.547271666666667;63.748313333333336;8.1;225.6;3;0;0;226;45
2018-03-17T08:06:52.077Z;265088000;21.668131666666667;64.66142166666667;0.3;45.3;0;0;0;115;49
2018-03-17T08:06:41.726Z;244850900;19.525676666666666;62.608410000000006;12.7;183.9;0;0;0;184;39
2018-03-17T08:06:47.500Z;230071310;27.697005;62.89183333333334;0.0;320.1;0;0;0;511;44
2018-03-17T08:06:52.049Z;230995660;23.018993333333334;63.84432833333334;0.0;254.0;5;0;0;112;49
2018-03-17T08:06:52.054Z;230987160;24.40666666666667;64.66666666666667;0.0;39.0;15;0;0;94;48
2018-03-17T08:06:47.535Z;230109170;23.025351666666666;63.84204333333333;0.0;177.2;0;0;0;511;43
2018-03-17T08:06:51.236Z;266450000;23.367078333333332;65.76664333333333;1.0;206.9;15;0;0;203;49
2018-03-17T08:06:54.736Z;230916000;22.825663333333335;64.47144333333333;8.1;27.0;0;0;0;26;52
2018-03-17T08:06:54.638Z;230011590;24.557253333333332;65.040545;0.0;183.4;0;0;0;352;51
2018-03-17T08:06:48.649Z;230081290;21.444835;61.126531666666665;0.0;174.3;0;0;0;5;46
2018-03-17T08:06:09.177Z;230325000;28.945351666666667;61.843825;0.0;263.0;5;0;0;273;7
2018-03-17T08:06:54.653Z;230956000;22.812923333333334;64.462455;9.2;32.2;0;0;0;33;53
2018-03-17T08:06:54.696Z;230941170;21.447376666666667;61.130644999999994;0.0;0.0;3;0;0;511;52
2018-03-17T08:06:54.680Z;230636000;21.142928333333334;63.12161166666667;12.5;314.0;0;0;0;313;51
2018-03-17T08:06:48.679Z;230988890;23.024966666666668;63.84195;0.0;208.5;0;0;0;237;46
2018-03-17T08:06:51.248Z;230940340;23.716073333333334;64.22226333333333;0.0;19.1;5;0;0;124;50
2018-03-17T08:06:54.700Z;230251000;23.850111666666667;65.18215166666667;6.6;166.9;0;0;0;191;45
2018-03-17T08:06:54.655Z;230025470;21.571756666666666;63.08161166666666;0.1;8.7;0;0;0;511;51
2018-03-17T08:06:52.078Z;230661000;22.746426666666665;64.41016666666667;4.6;211.5;0;0;0;210;50
2018-03-17T08:06:54.759Z;230982010;21.142361666666666;63.21174166666666;0.0;1.1;15;0;0;511;54
2018-03-17T08:06:52.092Z;230337000;25.428073333333334;65.00598;0.0;0.0;0;0;0;511;50
2018-03-17T08:06:47.511Z;230013790;24.407204999999998;64.66668333333334;0.0;11.3;0;0;0;192;44
2018-03-17T08:06:51.225Z;230006760;22.688133333333333;63.711800000000004;0.0;176.7;0;0;0;347;47
2018-03-17T08:06:54.799Z;230091500;22.688733333333335;63.71054166666667;0.0;269.7;5;0;0;332;54
2018-03-17T08:06:44.994Z;230024000;24.159693333333333;65.75031666666666;0.0;225.6;5;0;0;213;41
2018-03-17T08:06:48.664Z;236205000;22.515245;64.22671333333334;0.1;39.4;0;0;0;14;45
2018-03-17T08:06:54.738Z;230656000;22.75813;64.41935166666666;8.9;204.0;0;0;0;202;30
2018-03-17T08:06:54.683Z;230068740;28.94458;61.84411166666666;0.0;273.1;0;0;0;175;53
2018-03-17T08:06:54.697Z;265528060;20.739171666666667;63.862838333333336;0.0;307.7;0;0;0;51;53
2018-03-17T08:06:54.809Z;212308000;22.509999999999998;64.22073166666667;10.5;30.0;0;0;0;34;55
2018-03-17T08:06:52.087Z;246371000;23.843200000000003;65.18383333333334;10.6;22.8;0;0;0;19;50
2018-03-17T08:06:54.641Z;265066000;21.37176;63.67663833333334;0.0;44.7;2;0;0;309;51
2018-03-17T08:06:54.799Z;230938570;21.21751833333333;62.358653333333336;0.0;263.2;0;0;0;191;54
2018-03-17T08:06:54.804Z;230290000;24.280943333333333;65.46485833333334;9.8;225.2;0;0;0;225;53
2018-03-17T08:06:52.059Z;276776000;21.472995;61.126288333333335;0.0;143.2;0;0;0;323;16
2018-03-17T08:06:54.680Z;230110910;21.215431666666667;62.34471833333334;0.0;337.5;0;0;0;332;53
2018-03-17T08:06:52.049Z;245717000;21.550846666666665;63.749874999999996;8.4;232.2;0;0;0;230;49
2018-03-17T08:06:48.675Z;230282000;21.478435;61.595641666666666;0.0;337.7;0;0;0;282;46
2018-03-17T08:06:48.650Z;230350000;22.779606666666666;64.435905;7.1;211.7;0;0;0;211;46
2018-03-17T08:06:54.801Z;265182000;21.55704666666667;64.65692833333334;10.1;83.2;0;0;0;83;53
2018-03-17T08:06:48.657Z;230358000;22.757025;65.25957666666666;12.3;225.4;0;0;0;227;45
2018-03-17T08:06:51.233Z;244338000;20.07824;63.085256666666666;12.0;211.8;0;0;0;211;48
2018-03-17T08:06:54.784Z;212880000;22.628306666666667;64.31702333333334;0.0;22.8;0;0;0;26;53
2018-03-17T08:06:54.753Z;259372000;24.285733333333333;65.46698333333333;9.5;222.1;0;0;0;224;51
2018-03-17T08:06:52.096Z;230111210;24.40635166666667;64.66674166666667;0.0;338.6;0;0;0;511;51
2018-03-17T08:06:47.533Z;276585000;21.472593333333336;61.126043333333335;0.0;250.8;0;0;0;245;45
2018-03-17T08:06:54.633Z;265537680;23.277165;65.79800166666666;0.0;22.6;0;0;0;308;52
2018-03-17T08:06:52.110Z;266435000;22.772946666666666;64.43154;8.4;211.2;0;0;0;210;50
2018-03-17T08:06:37.934Z;245046000;19.557426666666668;62.69000833333334;11.0;207.2;0;0;0;207;36
2018-03-17T08:06:48.646Z;230283000;21.478655;61.59666;0.0;34.2;0;0;0;19;46
2018-03-17T08:06:45.026Z;230981050;25.068731666666668;65.03731833333333;0.0;299.5;0;0;0;303;42
2018-03-17T08:06:34.380Z;253377000;24.151023333333335;65.75542;0.0;280.8;5;0;0;345;31
2018-03-17T08:06:48.671Z;230065310;23.693218333333334;64.22111166666667;0.1;305.5;0;0;0;319;47
2018-03-17T08:06:48.702Z;230052840;28.38552;61.60461333333333;0.0;183.2;3;0;0;183;48
2018-03-17T08:06:54.699Z;230070870;24.514435;65.66505;0.0;278.1;0;0;0;256;53
2018-03-17T08:06:48.705Z;230115340;21.46418;61.59412333333333;0.0;187.2;15;0;0;259;48
2018-03-17T08:06:48.648Z;265067000;21.622821666666667;65.15630333333334;0.0;350.2;2;0;0;252;45
2018-03-17T08:06:52.031Z;230202000;22.760123333333336;64.42220333333333;9.9;27.7;0;0;0;22;26
2018-03-17T08:06:52.064Z;244850612;22.766000000000002;64.42605499999999;8.6;207.6;0;0;0;206;50
2018-03-17T08:06:01.891Z;230984090;21.447505;61.130856666666666;0.0;345.0;5;0;0;311;58
2018-03-17T08:06:41.720Z;236029000;21.26653333333333;63.125883333333334;7.6;250.2;0;0;0;256;37
2018-03-17T08:06:48.632Z;306051000;19.220166666666668;62.480333333333334;12.0;3.7;0;0;0;6;45
2018-03-17T08:06:30.994Z;305733000;20.402176666666666;63.30531;9.1;222.6;0;0;0;225;29
2018-03-17T08:06:52.070Z;305961000;19.649483333333333;62.81075;10.4;49.5;0;0;0;49;46
2018-03-17T08:06:52.043Z;538090507;21.565763333333333;63.75630833333333;4.2;226.1;0;0;0;225;49
2018-03-17T08:07:11.630Z;244830818;23.038345;63.859945;0.0;360.0;5;0;0;291;8
2018-03-17T08:07:52.857Z;230662000;20.100545;63.09993166666666;10.6;210.6;0;0;0;211;50
2018-03-17T08:07:57.211Z;246798000;24.61456666666667;65.68926666666667;0.0;284.0;0;0;0;284;53
2018-03-17T08:07:57.195Z;236611000;22.74979666666667;64.41265;9.5;209.0;0;0;0;210;55
2018-03-17T08:07:53.655Z;230025040;21.448851666666666;61.132235;0.0;266.0;0;0;0;307;50
2018-03-17T08:07:57.233Z;230252000;22.515855;64.22549166666667;10.3;22.3;0;0;0;22;56
2018-03-17T08:07:56.066Z;230003110;24.40645;64.66636333333334;0.0;321.7;0;0;0;511;52
2018-03-17T08:07:53.667Z;212409000;21.251635;63.12332;10.1;73.6;0;0;0;74;50
2018-03-17T08:07:53.693Z;230981750;21.571711666666666;63.08089833333334;0.0;350.6;0;0;0;23;53
2018-03-17T08:07:50.476Z;230980260;24.415838333333333;64.65945333333333;0.0;261.3;15;0;0;18;47
2018-03-17T08:07:11.618Z;230941690;21.449136666666668;61.132325;0.0;317.7;5;0;0;511;9
2018-03-17T08:07:57.177Z;373437000;20.222133333333332;63.18685;13.9;36.0;0;0;0;35;52
2018-03-17T08:07:57.152Z;246824000;20.852723333333333;63.55220833333333;5.1;52.5;0;0;0;66;52
2018-03-17T08:07:57.193Z;230245000;21.543598333333332;63.746725;6.5;225.2;3;0;0;224;56
2018-03-17T08:07:53.640Z;265088000;21.668295;64.66148833333334;0.4;54.8;0;0;0;118;49
2018-03-17T08:07:01.484Z;244850900;19.525526666666668;62.60729166666667;12.6;183.6;0;0;0;184;58
2018-03-17T08:07:53.702Z;230071310;27.696961666666667;62.891825000000004;0.0;305.3;0;0;0;511;53
2018-03-17T08:07:50.539Z;230987160;24.40666666666667;64.66666666666667;0.0;4.0;15;0;0;94;48
2018-03-17T08:07:57.209Z;230109170;23.025348333333334;63.84204;0.0;169.0;0;0;0;511;54
2018-03-17T08:07:49.653Z;230651000;21.443364999999996;61.12656666666667;0.0;46.9;5;0;0;255;45
2018-03-17T08:07:50.487Z;266450000;23.367001666666667;65.76663666666667;0.3;280.5;15;0;0;204;48
2018-03-17T08:07:18.549Z;235035113;25.41541;64.99750333333333;0.1;302.6;5;0;0;320;16
2018-03-17T08:07:25.570Z;230108490;25.19539166666667;65.00888;0.0;170.0;5;0;0;110;21
2018-03-17T08:07:42.579Z;230111650;21.57131;63.08105;0.0;348.9;5;0;0;511;39
2018-03-17T08:07:56.063Z;230916000;22.827706666666664;64.47325833333333;7.1;25.0;0;0;0;24;52
2018-03-17T08:07:53.670Z;230011590;24.557251666666666;65.04054666666667;0.0;1.3;0;0;0;353;51
2018-03-17T08:07:57.171Z;230081290;21.444805;61.126585;0.0;201.3;0;0;0;5;55
2018-03-17T08:07:53.678Z;230956000;22.81590333333333;64.46437;7.8;32.5;0;0;0;30;53
2018-03-17T08:07:53.701Z;230941170;21.447386666666667;61.130644999999994;0.0;0.0;3;0;0;511;52
2018-03-17T08:07:50.515Z;230636000;21.138046666666664;63.124053333333336;12.6;319.0;0;0;0;318;48
2018-03-17T08:07:50.449Z;230988890;23.024983333333335;63.84193333333334;0.0;215.2;0;0;0;237;46
2018-03-17T08:07:57.226Z;230251000;23.848776666666666;65.18060333333334;5.7;204.1;0;0;0;205;49
2018-03-17T08:07:53.678Z;230025470;21.571853333333333;63.081585000000004;0.1;9.9;0;0;0;511;51
2018-03-17T08:07:53.642Z;230661000;22.744743333333336;64.40906;5.0;213.6;0;0;0;210;50
2018-03-17T08:07:56.085Z;230982010;21.142406666666666;63.211725;0.0;8.9;15;0;0;511;54
2018-03-17T08:07:43.543Z;230938560;23.01937666666667;63.8442;0.0;0.3;5;0;0;511;42
2018-03-17T08:07:49.684Z;230993710;28.839703333333333;61.875355;0.0;138.5;5;0;0;339;46
2018-03-17T08:07:53.652Z;230337000;25.428071666666664;65.00598166666667;0.0;0.0;0;0;0;511;50
2018-03-17T08:07:57.180Z;230013790;24.40720333333333;64.66668333333334;0.1;351.5;0;0;0;191;55
2018-03-17T08:07:50.515Z;230937650;21.448685;61.13209333333334;0.1;89.8;5;0;0;309;48
2018-03-17T08:07:50.485Z;230006760;22.688133333333333;63.711800000000004;0.0;145.8;0;0;0;346;47
2018-03-17T08:06:55.290Z;230091500;22.688733333333335;63.71054166666667;0.0;269.7;5;0;0;332;54
2018-03-17T08:07:57.188Z;236205000;22.515263333333333;64.226725;0.0;33.5;0;0;0;14;54
2018-03-17T08:07:02.285Z;245241000;22.691093333333335;63.71420166666667;0.0;50.7;5;0;0;176;1
2018-03-17T08:07:56.073Z;230656000;22.755466666666667;64.41721166666667;8.7;212.1;0;0;0;203;31
2018-03-17T08:07:53.692Z;230068740;28.944585;61.84411333333333;0.0;234.1;0;0;0;176;53
2018-03-17T08:07:46.599Z;265528060;20.739196666666665;63.86285;0.0;309.4;0;0;0;51;44
2018-03-17T08:07:57.163Z;212308000;22.513406666666665;64.22313166666667;10.1;24.0;0;0;0;26;53
2018-03-17T08:07:53.648Z;246371000;23.84563166666667;65.186435;9.9;21.8;0;0;0;21;50
2018-03-17T08:07:53.672Z;265066000;21.371758333333332;63.67663833333334;0.0;320.3;2;0;0;309;51
2018-03-17T08:07:57.157Z;230938570;21.217521666666666;62.35868333333334;0.0;100.9;0;0;0;191;54
2018-03-17T08:07:57.178Z;230290000;24.27642666666667;65.46284166666666;9.6;221.4;0;0;0;223;54
2018-03-17T08:07:50.543Z;276776000;21.472998333333333;61.12628333333334;0.0;143.2;0;0;0;323;15
2018-03-17T08:07:53.688Z;230110910;21.215425;62.344725000000004;0.0;337.5;0;0;0;332;53
2018-03-17T08:07:50.531Z;245717000;21.547561666666663;63.7486;6.1;224.3;0;0;0;225;49
2018-03-17T08:07:57.234Z;230282000;21.478445;61.595641666666666;0.0;5.3;0;0;0;282;56
2018-03-17T08:07:57.229Z;230350000;22.776591666666665;64.43382166666667;7.5;212.4;0;0;0;212;57
2018-03-17T08:07:57.158Z;265182000;21.56361;64.65723166666666;10.2;83.3;0;0;0;83;53
2018-03-17T08:07:35.656Z;244562000;21.44971333333333;61.12649;0.0;332.8;5;0;0;72;32
2018-03-17T08:07:57.221Z;230358000;22.750083333333336;65.25672;12.4;225.7;0;0;0;227;56
2018-03-17T08:07:50.487Z;244338000;20.07438833333333;63.082391666666666;12.2;211.6;0;0;0;211;48
2018-03-17T08:07:23.190Z;246630000;24.15216666666667;65.75500000000001;0.0;74.8;5;0;0;75;19
2018-03-17T08:07:57.149Z;212880000;22.628323333333334;64.31703833333333;0.0;25.0;0;0;0;26;53
2018-03-17T08:07:56.083Z;259372000;24.28148333333333;65.46511666666667;9.3;224.1;0;0;0;226;51
2018-03-17T08:07:46.606Z;230990040;24.517921666666666;65.66083;0.0;28.2;5;0;0;38;42
2018-03-17T08:07:40.414Z;230992660;28.877194999999997;61.877179999999996;0.0;0.0;5;0;0;511;35
2018-03-17T08:07:53.657Z;230111210;24.406348333333334;64.66675833333333;0.0;332.0;0;0;0;511;51
2018-03-17T08:07:57.186Z;276585000;21.472586666666665;61.126038333333334;0.0;130.8;0;0;0;244;55
2018-03-17T08:07:53.665Z;265537680;23.277111666666666;65.797985;0.0;11.7;0;0;0;308;52
2018-03-17T08:07:12.247Z;212838000;24.414971666666666;64.65912;0.0;299.3;5;0;0;282;9
2018-03-17T08:07:53.659Z;266435000;22.770208333333336;64.42939333333334;9.0;208.4;0;0;0;209;50
2018-03-17T08:07:57.213Z;245046000;19.553524999999997;62.68636166666667;11.0;205.4;0;0;0;207;56
2018-03-17T08:07:22.142Z;258751000;25.395078333333334;65.005935;0.0;339.9;5;0;0;83;19
2018-03-17T08:07:57.235Z;230283000;21.478659999999998;61.59665;0.0;200.0;0;0;0;18;57
2018-03-17T08:07:46.650Z;230981050;25.068711666666665;65.03730833333333;0.0;279.4;0;0;0;303;44
2018-03-17T08:07:50.442Z;230065310;23.693211666666667;64.22109833333333;0.1;295.8;0;0;0;319;47
2018-03-17T08:07:50.464Z;230052840;28.385508333333334;61.60461333333333;0.0;183.0;3;0;0;183;48
2018-03-17T08:07:53.703Z;230070870;24.514458333333334;65.665045;0.0;333.9;0;0;0;256;53
2018-03-17T08:07:50.462Z;230115340;21.464181666666665;61.594135;0.0;179.4;15;0;0;261;48
2018-03-17T08:07:57.203Z;265067000;21.622821666666667;65.15630166666666;0.0;243.3;2;0;0;252;55
2018-03-17T08:07:53.704Z;230202000;22.762819999999998;64.42480666666667;9.3;25.2;0;0;0;24;30
2018-03-17T08:07:52.852Z;244850612;22.763513333333332;64.42412166666666;7.6;209.2;0;0;0;207;50
2018-03-17T08:07:40.387Z;245170000;21.094408333333334;62.22446333333333;0.3;58.5;1;0;0;314;33
2018-03-17T08:07:40.459Z;236029000;21.262150000000002;63.12521666666667;7.6;251.4;0;0;0;259;36
2018-03-17T08:07:08.330Z;306051000;19.220333333333333;62.4815;12.1;4.0;0;0;0;6;5
2018-03-17T08:07:57.230Z;305733000;20.396606666666667;63.30258;9.1;222.5;0;0;0;225;57
2018-03-17T08:07:57.191Z;305961000;19.654716666666666;62.81278333333333;10.6;50.3;0;0;0;52;51
2018-03-17T08:07:46.596Z;236490000;21.431916666666666;61.130721666666666;0.0;82.0;5;0;0;82;41
2018-03-17T08:07:50.513Z;538090507;21.563398333333335;63.755293333333334;6.0;226.2;0;0;0;224;49
2018-03-17T08:09:02.238Z;230662000;20.096918333333335;63.096970000000006;10.4;209.2;0;0;0;212;0
2018-03-17T08:08:59.774Z;246798000;24.61456666666667;65.68926666666667;0.0;284.0;0;0;0;284;53
2018-03-17T08:08:58.321Z;236611000;22.74664166666667;64.41040833333334;9.4;212.9;0;0;0;212;55
2018-03-17T08:09:03.086Z;230025040;21.448853333333332;61.13222833333334;0.1;183.0;0;0;0;308;0
2018-03-17T08:09:03.104Z;230252000;22.518798333333333;64.22795333333333;8.4;29.5;0;0;0;27;0
2018-03-17T08:08:55.695Z;230003110;24.40643833333333;64.66637666666666;0.0;321.7;0;0;0;511;52
2018-03-17T08:09:02.217Z;212409000;21.258346666666668;63.124275;10.3;70.2;0;0;0;69;57
2018-03-17T08:09:03.135Z;230981750;21.571708333333333;63.08089833333334;0.1;191.3;0;0;0;24;2
2018-03-17T08:08:59.819Z;230980260;24.415956666666666;64.65941666666667;0.0;0.0;15;0;0;17;57
2018-03-17T08:08:59.799Z;373437000;20.227533333333334;63.19003333333333;14.0;37.0;0;0;0;37;54
2018-03-17T08:08:13.997Z;246824000;20.853521666666666;63.55242666666666;5.0;58.1;0;0;0;65;10
2018-03-17T08:08:45.771Z;236306000;24.408711666666665;64.65466333333333;0.0;278.5;5;0;0;168;41
2018-03-17T08:08:58.314Z;230245000;21.54055;63.74538;6.2;225.1;3;0;0;225;56
2018-03-17T08:09:03.087Z;265088000;21.66902333333333;64.66139666666666;1.1;102.6;0;0;0;101;59
2018-03-17T08:08:11.105Z;244850900;19.52492;62.603155;12.7;183.8;0;0;0;184;9
2018-03-17T08:08:13.976Z;230356000;21.571166666666667;63.08116666666667;0.0;351.0;5;0;0;27;9
2018-03-17T08:08:55.674Z;230071310;27.697;62.89181833333334;0.0;294.5;0;0;0;511;53
2018-03-17T08:09:03.081Z;230987160;24.40666666666667;64.66666666666667;0.0;49.0;15;0;0;94;58
2018-03-17T08:08:59.769Z;230109170;23.02535;63.842045;0.1;167.4;0;0;0;511;54
2018-03-17T08:08:59.818Z;266450000;23.367501666666666;65.76719333333332;1.9;15.6;15;0;0;199;57
2018-03-17T08:08:20.522Z;259890000;25.418926666666668;65.00203;0.0;34.4;5;0;0;42;16
2018-03-17T08:09:05.632Z;230916000;22.829921666666667;64.47535166666667;7.4;25.0;0;0;0;29;1
2018-03-17T08:08:52.545Z;230011590;24.557255;65.04054833333333;0.0;201.7;0;0;0;352;51
2018-03-17T08:08:55.737Z;230081290;21.444808333333334;61.12659333333333;0.0;151.3;0;0;0;5;55
2018-03-17T08:09:03.102Z;230956000;22.81848666666667;64.466295;6.4;28.7;0;0;0;29;1
2018-03-17T08:08:55.674Z;230941170;21.447383333333335;61.13064166666666;0.0;0.0;3;0;0;511;52
2018-03-17T08:09:02.208Z;230636000;21.132443333333335;63.127098333333336;12.3;321.0;0;0;0;322;57
2018-03-17T08:08:59.815Z;230988890;23.024966666666668;63.84193333333334;0.0;158.9;0;0;0;237;56
2018-03-17T08:08:24.800Z;244389000;23.031515000000002;63.86137333333333;0.0;115.0;5;0;0;115;17
2018-03-17T08:08:55.733Z;230940340;23.716076666666666;64.22227166666667;0.0;19.1;5;0;0;124;56
2018-03-17T08:09:05.628Z;230251000;23.847853333333333;65.179125;3.8;186.8;0;0;0;188;55
2018-03-17T08:09:03.128Z;230025470;21.571796666666668;63.08153166666667;0.1;7.7;0;0;0;511;1
2018-03-17T08:08:00.712Z;230660000;23.017485;63.84494666666667;0.0;295.9;5;0;0;129;17
2018-03-17T08:08:11.126Z;230667000;23.01831333333333;63.844633333333334;0.0;242.9;5;0;0;132;9
2018-03-17T08:09:02.243Z;230661000;22.742358333333335;64.40748;7.1;214.9;0;0;0;211;59
2018-03-17T08:09:05.628Z;230982010;21.142345;63.21178833333333;0.0;11.4;15;0;0;511;3
2018-03-17T08:09:02.242Z;230337000;25.428066666666666;65.00598333333333;0.0;0.0;0;0;0;511;58
2018-03-17T08:08:59.786Z;230013790;24.407201666666666;64.66668166666666;0.0;153.6;0;0;0;191;56
2018-03-17T08:08:59.811Z;230006760;22.688133333333333;63.71178333333333;0.0;207.9;0;0;0;347;56
2018-03-17T08:08:13.995Z;210230000;21.44751666666667;61.11476666666667;0.2;250.3;5;0;0;85;9
2018-03-17T08:08:58.306Z;236205000;22.515281666666667;64.226735;0.0;42.3;0;0;0;14;54
2018-03-17T08:09:05.659Z;230656000;22.752486666666666;64.41454666666667;9.4;210.4;0;0;0;210;4
2018-03-17T08:08:55.662Z;230068740;28.94458;61.84411166666666;0.0;309.1;0;0;0;176;53
2018-03-17T08:09:05.646Z;265528060;20.738995;63.862745000000004;0.0;303.5;0;0;0;51;3
2018-03-17T08:09:05.647Z;212308000;22.51614;64.22585333333333;8.1;24.0;0;0;0;26;2
2018-03-17T08:09:03.116Z;246371000;23.84870833333333;65.18931333333333;9.9;24.3;0;0;0;22;2
2018-03-17T08:08:14.020Z;266248000;24.513383333333334;65.66562833333333;0.0;230.0;5;0;0;230;12
2018-03-17T08:08:55.669Z;265066000;21.371758333333332;63.67663666666667;0.0;259.0;2;0;0;309;52
2018-03-17T08:08:58.322Z;230938570;21.217541666666666;62.358653333333336;0.0;183.9;0;0;0;191;56
2018-03-17T08:09:03.122Z;230290000;24.271923333333334;65.46056333333334;9.5;217.9;0;0;0;220;1
2018-03-17T08:08:10.395Z;230343000;25.427303333333334;65.00556666666667;0.0;66.2;5;0;0;228;6
2018-03-17T08:09:03.075Z;276776000;21.47300166666667;61.1263;0.0;143.2;0;0;0;323;26
2018-03-17T08:08:54.805Z;230110910;21.21540666666667;62.344728333333336;0.0;337.5;0;0;0;332;53
2018-03-17T08:09:02.208Z;245717000;21.54469;63.74731166666666;5.9;227.0;0;0;0;226;58
2018-03-17T08:08:59.803Z;230282000;21.47842166666667;61.595655;0.0;319.3;0;0;0;283;56
2018-03-17T08:08:59.800Z;230350000;22.77400833333333;64.43206;7.6;211.4;0;0;0;210;57
2018-03-17T08:08:28.328Z;245091000;24.156323333333333;65.75284833333333;0.0;78.3;5;0;0;325;41
2018-03-17T08:08:55.721Z;265182000;21.570186666666665;64.65755;10.2;83.1;0;0;0;83;53
2018-03-17T08:08:59.789Z;230358000;22.74408833333333;65.25426999999999;12.6;226.1;0;0;0;227;56
2018-03-17T08:08:49.647Z;244338000;20.070405;63.079550000000005;12.3;212.1;0;0;0;212;48
2018-03-17T08:08:55.713Z;212880000;22.628341666666664;64.31705166666667;0.0;25.8;0;0;0;26;53
2018-03-17T08:08:55.704Z;259372000;24.277283333333333;65.46326666666667;9.1;222.3;0;0;0;223;52
2018-03-17T08:09:03.109Z;230111210;24.406348333333334;64.66678499999999;0.0;320.2;0;0;0;511;1
2018-03-17T08:08:17.428Z;230989410;21.447439999999997;61.130970000000005;0.0;221.6;5;0;0;511;15
2018-03-17T08:08:58.303Z;276585000;21.472591666666666;61.126035;0.0;332.1;0;0;0;244;55
2018-03-17T08:08:52.543Z;265537680;23.277134999999998;65.797995;0.0;308.2;0;0;0;308;52
2018-03-17T08:09:05.616Z;266435000;22.767118333333332;64.42694333333333;7.9;204.0;0;0;0;206;1
2018-03-17T08:08:58.332Z;212123000;23.635201666666667;64.71670166666667;0.0;289.9;2;0;0;290;55
2018-03-17T08:08:59.775Z;245046000;19.550645;62.68358833333333;11.0;205.8;0;0;0;207;56
2018-03-17T08:08:59.780Z;230283000;21.478658333333332;61.59665333333333;0.0;254.9;0;0;0;19;56
2018-03-17T08:09:05.640Z;230981050;25.068724999999997;65.03731666666667;0.0;294.7;0;0;0;303;2
2018-03-17T08:08:59.816Z;230065310;23.693213333333333;64.22110333333333;0.0;298.3;0;0;0;319;58
2018-03-17T08:08:59.831Z;230052840;28.38551;61.60461166666666;0.0;183.2;3;0;0;183;58
2018-03-17T08:09:05.626Z;230070870;24.514583333333334;65.66502;0.0;285.6;0;0;0;256;3
2018-03-17T08:08:59.822Z;230115340;21.464235;61.594118333333334;0.0;188.4;15;0;0;259;58
2018-03-17T08:08:58.330Z;265067000;21.622821666666667;65.15630166666666;0.0;350.5;2;0;0;252;55
2018-03-17T08:09:02.234Z;230202000;22.76583;64.42739166666667;9.4;27.7;0;0;0;25;36
2018-03-17T08:09:03.093Z;244850612;22.760968333333334;64.42197;7.4;201.8;0;0;0;203;1
2018-03-17T08:09:02.216Z;230984090;21.447513333333333;61.13086166666667;0.0;348.0;5;0;0;311;58
2018-03-17T08:09:03.068Z;236029000;21.256066666666666;63.12433333333333;7.5;252.1;0;0;0;259;58
2018-03-17T08:08:07.201Z;306051000;19.220833333333335;62.484833333333334;11.9;3.2;0;0;0;6;5
2018-03-17T08:08:03.816Z;230601000;24.158489999999997;65.751875;0.0;353.8;5;0;0;151;3
2018-03-17T08:08:52.474Z;636091859;24.404651666666666;64.660275;0.0;28.7;5;0;0;307;50
2018-03-17T08:08:21.502Z;305733000;20.395336666666665;63.30200333333333;9.1;223.2;0;0;0;225;18
2018-03-17T08:08:48.499Z;305961000;19.659033333333333;62.814366666666665;10.9;50.5;0;0;0;50;42
2018-03-17T08:08:03.758Z;305463000;24.155353333333334;65.75417;0.0;161.2;5;0;0;59;14
2018-03-17T08:09:02.242Z;538090507;21.560176666666667;63.75376833333333;6.4;221.5;0;0;0;224;0
2018-03-17T08:10:01.099Z;230662000;20.093565;63.09449333333334;10.6;211.9;0;0;0;213;0
2018-03-17T08:09:57.146Z;246798000;24.61456666666667;65.68925;0.0;284.0;0;0;0;284;53
2018-03-17T08:09:57.123Z;236611000;22.743373333333334;64.408195;9.5;212.7;0;0;0;214;55
2018-03-17T08:10:01.122Z;230025040;21.448853333333332;61.13223;0.0;207.0;0;0;0;307;0
2018-03-17T08:10:01.136Z;230252000;22.521211666666666;64.229785;6.6;31.7;0;0;0;26;0
2018-03-17T08:09:56.331Z;230003110;24.40646;64.66638666666667;0.0;321.7;0;0;0;511;52
2018-03-17T08:09:27.457Z;244850226;21.453666666666667;61.126999999999995;0.0;142.6;5;0;0;248;23
2018-03-17T08:09:53.700Z;212409000;21.263555;63.12522833333333;10.6;66.7;0;0;0;68;50
2018-03-17T08:09:56.340Z;230981750;21.571705;63.08090166666667;0.0;19.1;0;0;0;24;54
2018-03-17T08:10:01.056Z;230980260;24.415858333333333;64.65942666666666;0.0;233.2;15;0;0;19;57
2018-03-17T08:09:57.104Z;230645000;24.405486666666665;64.653905;0.1;211.0;5;0;0;166;52
2018-03-17T08:10:00.360Z;373437000;20.23281666666667;63.19305;13.9;38.0;0;0;0;36;54
2018-03-17T08:09:57.155Z;230245000;21.537455;63.74405;8.1;226.8;3;0;0;228;57
2018-03-17T08:10:01.123Z;265088000;21.669651666666667;64.66137;0.9;92.3;0;0;0;96;59
2018-03-17T08:09:53.742Z;230071310;27.696984999999998;62.89180833333333;0.0;284.6;0;0;0;511;53
2018-03-17T08:09:50.447Z;230995660;23.019023333333333;63.844411666666666;0.1;199.7;5;0;0;112;49
2018-03-17T08:10:01.118Z;230987160;24.40666666666667;64.66666666666667;0.1;326.0;15;0;0;94;58
2018-03-17T08:09:57.135Z;230109170;23.025361666666665;63.84204333333333;0.1;180.4;0;0;0;511;54
2018-03-17T08:10:01.055Z;266450000;23.366911666666667;65.766655;3.0;210.0;15;0;0;210;57
2018-03-17T08:09:56.328Z;230916000;22.832065;64.47696833333333;8.1;31.0;0;0;0;32;52
2018-03-17T08:09:53.702Z;230011590;24.557251666666666;65.04055;0.0;222.5;0;0;0;353;51
2018-03-17T08:09:57.106Z;230081290;21.44478666666667;61.12660666666667;0.0;166.8;0;0;0;5;55
2018-03-17T08:09:10.485Z;230325000;28.945355;61.843825;0.0;258.0;5;0;0;273;5
2018-03-17T08:10:01.135Z;230956000;22.821003333333334;64.46812666666666;8.7;32.4;0;0;0;32;1
2018-03-17T08:09:40.006Z;230109450;24.51374;65.66477333333333;0.1;300.9;5;0;0;225;36
2018-03-17T08:09:53.742Z;230941170;21.447373333333335;61.13064333333333;0.0;0.0;3;0;0;511;52
2018-03-17T08:10:01.080Z;230636000;21.127811666666666;63.129781666666666;12.4;323.0;0;0;0;323;57
2018-03-17T08:10:01.049Z;230988890;23.024983333333335;63.84193333333334;0.0;328.7;0;0;0;237;56
2018-03-17T08:10:01.105Z;230251000;23.847873333333332;65.17877333333334;0.5;171.6;0;0;0;182;52
2018-03-17T08:09:53.673Z;230025470;21.571753333333334;63.08163166666667;0.0;21.7;0;0;0;511;50
2018-03-17T08:10:01.104Z;230661000;22.739595;64.40572;7.7;212.7;0;0;0;208;59
2018-03-17T08:09:56.310Z;230982010;21.14237166666667;63.21176333333334;0.0;6.5;15;0;0;511;53
2018-03-17T08:10:01.103Z;230337000;25.428069999999998;65.005985;0.0;0.0;0;0;0;511;58
2018-03-17T08:09:57.161Z;230013790;24.407201666666666;64.66668;0.0;71.0;0;0;0;191;56
2018-03-17T08:10:01.066Z;230006760;22.68815;63.71178333333333;0.0;249.7;0;0;0;346;57
2018-03-17T08:09:57.073Z;230091500;22.688699999999997;63.71051833333333;0.1;269.7;5;0;0;332;54
2018-03-17T08:09:42.996Z;230024000;24.15969;65.75031166666666;0.0;202.0;5;0;0;213;40
2018-03-17T08:09:57.117Z;236205000;22.515328333333333;64.22677166666666;0.0;35.2;0;0;0;14;54
2018-03-17T08:09:56.317Z;230656000;22.749946666666666;64.41265666666666;9.7;209.5;0;0;0;210;54
2018-03-17T08:09:53.717Z;230068740;28.944573333333334;61.84411333333333;0.0;225.7;0;0;0;175;53
2018-03-17T08:09:06.368Z;265528060;20.738995;63.862745000000004;0.0;303.5;0;0;0;51;3
2018-03-17T08:09:53.720Z;212308000;22.51765;64.22709166666667;5.0;29.0;0;0;0;29;53
2018-03-17T08:09:53.683Z;246371000;23.850925;65.19136666666667;9.8;23.8;0;0;0;20;50
2018-03-17T08:09:53.719Z;265066000;21.371758333333332;63.67663666666667;0.0;325.7;2;0;0;309;52
2018-03-17T08:09:57.128Z;230938570;21.217566666666666;62.358648333333335;0.0;318.6;0;0;0;190;56
2018-03-17T08:10:01.086Z;230290000;24.268331666666665;65.458555;9.4;216.4;0;0;0;217;58
2018-03-17T08:10:01.115Z;276776000;21.473008333333333;61.126290000000004;0.0;143.2;0;0;0;323;26
2018-03-17T08:09:53.715Z;230110910;21.21540666666667;62.34471666666666;0.0;337.5;0;0;0;331;53
2018-03-17T08:10:01.082Z;245717000;21.541915;63.74605666666666;6.5;221.4;0;0;0;225;58
2018-03-17T08:10:01.081Z;230282000;21.478428333333333;61.59564;0.0;328.0;0;0;0;281;58
2018-03-17T08:10:00.361Z;230350000;22.771543333333334;64.43016666666666;8.0;205.3;0;0;0;207;57
2018-03-17T08:09:57.089Z;265182000;21.576798333333333;64.65786833333333;10.3;83.3;0;0;0;83;53
2018-03-17T08:10:00.346Z;230358000;22.738148333333335;65.251835;12.5;225.7;0;0;0;227;56
2018-03-17T08:09:50.449Z;244338000;20.066366666666667;63.07665333333333;12.3;212.1;0;0;0;212;49
2018-03-17T08:09:57.080Z;212880000;22.62836;64.317065;0.0;27.6;0;0;0;26;53
2018-03-17T08:09:56.351Z;259372000;24.273383333333335;65.46131666666666;9.0;218.7;0;0;0;220;52
2018-03-17T08:09:53.690Z;230111210;24.406336666666668;64.66682166666666;0.0;312.7;0;0;0;511;51
2018-03-17T08:09:57.153Z;276585000;21.472585;61.126045;0.0;342.3;0;0;0;244;56
2018-03-17T08:09:56.337Z;265537680;23.277161666666665;65.79797166666667;0.0;0.9;0;0;0;307;53
2018-03-17T08:10:01.075Z;266435000;22.764926666666668;64.42535000000001;6.7;215.0;0;0;0;209;56
2018-03-17T08:09:57.148Z;245046000;19.54776;62.68083333333333;11.1;206.6;0;0;0;206;56
2018-03-17T08:09:57.154Z;230283000;21.478671666666667;61.59664833333333;0.0;293.8;0;0;0;18;56
2018-03-17T08:09:57.134Z;230981050;25.068724999999997;65.03731833333333;0.0;315.3;0;0;0;303;55
2018-03-17T08:09:32.191Z;253377000;24.151026666666667;65.75541833333334;0.0;294.8;5;0;0;345;30
2018-03-17T08:10:01.050Z;230065310;23.693205;64.22111166666667;0.0;256.2;0;0;0;318;58
2018-03-17T08:10:01.051Z;230052840;28.385536666666667;61.604616666666665;0.0;182.8;3;0;0;182;58
2018-03-17T08:09:57.081Z;230070870;24.514623333333336;65.665005;0.0;301.0;0;0;0;256;54
2018-03-17T08:10:01.089Z;230115340;21.464223333333333;61.59410166666667;0.0;192.2;15;0;0;261;59
2018-03-17T08:09:57.132Z;265067000;21.62282;65.1563;0.0;199.8;2;0;0;252;55
2018-03-17T08:10:01.095Z;230202000;22.768583333333332;64.42968166666667;9.1;25.0;0;0;0;22;36
2018-03-17T08:10:01.126Z;244850612;22.758551666666666;64.42008;8.4;208.0;0;0;0;202;1
2018-03-17T08:10:01.106Z;236029000;21.251716666666667;63.123733333333334;7.2;254.3;0;0;0;260;58
2018-03-17T08:09:28.671Z;306051000;19.221333333333334;62.48916666666666;12.3;2.9;0;0;0;6;27
2018-03-17T08:09:32.119Z;305733000;20.390755000000002;63.299765;9.1;223.2;0;0;0;225;29
2018-03-17T08:09:57.120Z;305961000;19.664983333333332;62.81666666666667;11.1;49.4;0;0;0;50;52
2018-03-17T08:10:01.101Z;538090507;21.557180000000002;63.752455000000005;6.8;226.2;0;0;0;226;0
2018-03-17T08:10:14.058Z;244830818;23.038291666666666;63.859925;0.0;360.0;5;0;0;291;10
2018-03-17T08:11:00.736Z;230662000;20.090095;63.09196166666666;10.6;211.2;0;0;0;214;0
2018-03-17T08:10:47.702Z;246798000;24.61456666666667;65.68926666666667;0.0;284.0;0;0;0;284;43
2018-03-17T08:11:01.467Z;236611000;22.739715;64.40586166666667;9.5;208.8;0;0;0;205;58
2018-03-17T08:11:00.768Z;230025040;21.448851666666666;61.13223333333334;0.1;317.0;0;0;0;308;0
2018-03-17T08:10:58.152Z;230252000;22.52295666666667;64.23128833333334;6.3;26.0;0;0;0;26;56
2018-03-17T08:10:54.509Z;230003110;24.406470000000002;64.66636833333334;0.0;321.7;0;0;0;511;52
2018-03-17T08:11:01.470Z;212409000;21.270948333333333;63.12652333333333;12.1;69.6;0;0;0;72;57
2018-03-17T08:10:54.516Z;230981750;21.57171;63.08089833333334;0.0;306.5;0;0;0;24;54
2018-03-17T08:11:00.629Z;230980260;24.415856666666667;64.659415;0.0;0.0;15;0;0;18;57
2018-03-17T08:10:58.095Z;230645000;24.405475000000003;64.65389833333333;0.1;256.0;5;0;0;166;52
2018-03-17T08:10:07.914Z;230941690;21.449025;61.13234666666666;0.0;305.2;5;0;0;511;5
2018-03-17T08:10:58.157Z;373437000;20.238216666666666;63.196149999999996;13.9;38.0;0;0;0;36;54
2018-03-17T08:10:15.232Z;246824000;20.859606666666664;63.554305;7.0;53.1;0;0;0;58;10
2018-03-17T08:10:58.140Z;230245000;21.53380333333333;63.742560000000005;7.3;227.0;3;0;0;227;57
2018-03-17T08:11:00.767Z;265088000;21.670196666666666;64.66137166666667;0.8;88.2;0;0;0;96;59
2018-03-17T08:10:54.498Z;230071310;27.69697;62.891805;0.0;276.5;0;0;0;511;53
2018-03-17T08:11:00.765Z;230987160;24.40666666666667;64.66666666666667;0.0;173.0;15;0;0;95;58
2018-03-17T08:10:58.130Z;230109170;23.025358333333333;63.842036666666665;0.1;177.7;0;0;0;511;54
2018-03-17T08:10:47.682Z;230651000;21.44339;61.126605000000005;0.0;46.9;5;0;0;255;45
2018-03-17T08:11:00.628Z;266450000;23.366131666666668;65.766145;2.0;216.7;15;0;0;215;57
2018-03-17T08:10:17.804Z;235035113;25.415411666666667;64.99747666666666;0.1;351.8;5;0;0;320;15
2018-03-17T08:10:22.584Z;230108490;25.195376666666668;65.00887833333334;0.0;113.0;5;0;0;110;20
2018-03-17T08:10:40.634Z;230111650;21.571316666666668;63.081055;0.0;345.6;5;0;0;511;37
2018-03-17T08:10:54.508Z;230916000;22.834706666666666;64.47887166666666;7.8;31.0;0;0;0;31;52
2018-03-17T08:10:54.482Z;230011590;24.557248333333334;65.04054833333333;0.0;171.4;0;0;0;353;52
2018-03-17T08:10:58.094Z;230081290;21.444846666666667;61.126558333333335;0.0;78.6;0;0;0;5;55
2018-03-17T08:11:00.789Z;230956000;22.82401666666667;64.47027333333332;9.4;27.5;0;0;0;26;1
2018-03-17T08:10:54.496Z;230941170;21.447364999999998;61.130644999999994;0.0;0.0;3;0;0;511;51
2018-03-17T08:11:00.718Z;230636000;21.122961666666665;63.13252;12.6;321.0;0;0;0;321;58
2018-03-17T08:11:00.616Z;230988890;23.024983333333335;63.84193333333334;0.0;238.3;0;0;0;237;56
2018-03-17T08:10:54.501Z;230251000;23.84793833333333;65.17877166666666;0.1;29.0;0;0;0;182;45
2018-03-17T08:10:53.589Z;230025470;21.571835;63.08158666666667;0.0;32.4;0;0;0;511;50
2018-03-17T08:11:01.468Z;230660000;23.017531666666667;63.84496;0.0;295.9;5;0;0;129;17
2018-03-17T08:11:00.747Z;230661000;22.737313333333336;64.40373333333334;8.7;204.6;0;0;0;203;59
2018-03-17T08:10:54.504Z;230982010;21.142361666666666;63.211785;0.0;4.9;15;0;0;511;53
2018-03-17T08:10:43.925Z;230938560;23.01942;63.84418;0.0;359.0;5;0;0;511;42
2018-03-17T08:10:50.485Z;230993710;28.839701666666667;61.87536;0.0;77.1;5;0;0;340;46
2018-03-17T08:11:00.747Z;230337000;25.428065;65.00598333333333;0.0;0.0;0;0;0;511;58
2018-03-17T08:10:58.148Z;230013790;24.40720333333333;64.66668333333334;0.0;309.9;0;0;0;190;56
2018-03-17T08:10:51.162Z;230937650;21.448668333333334;61.132075;0.1;339.3;5;0;0;309;47
2018-03-17T08:11:00.648Z;230006760;22.68815;63.71178333333333;0.0;181.1;0;0;0;347;57
2018-03-17T08:10:58.108Z;236205000;22.51534666666667;64.22678666666667;0.1;38.8;0;0;0;13;54
2018-03-17T08:10:04.255Z;245241000;22.691015;63.714166666666664;0.0;50.7;5;0;0;176;1
2018-03-17T08:10:54.506Z;230656000;22.746706666666668;64.410355;9.8;212.3;0;0;0;212;54
2018-03-17T08:10:54.518Z;230068740;28.944568333333333;61.844118333333334;0.0;254.6;0;0;0;177;54
2018-03-17T08:10:54.494Z;212308000;22.519358333333333;64.22841166666666;5.9;29.0;0;0;0;30;53
2018-03-17T08:10:54.463Z;246371000;23.853420000000003;65.193855;9.4;20.9;0;0;0;18;50
2018-03-17T08:10:54.489Z;265066000;21.371758333333332;63.67663833333334;0.0;255.8;2;0;0;309;52
2018-03-17T08:10:58.120Z;230938570;21.217538333333334;62.358635;0.0;348.4;0;0;0;191;56
2018-03-17T08:11:01.464Z;230290000;24.264565;65.45641666666667;9.4;215.8;0;0;0;216;58
2018-03-17T08:11:00.760Z;276776000;21.47301;61.12629833333334;0.0;143.2;0;0;0;323;26
2018-03-17T08:10:54.480Z;230110910;21.215401666666665;62.34473;0.0;337.5;0;0;0;332;53
2018-03-17T08:11:01.461Z;245717000;21.53916333333333;63.744778333333336;5.9;225.6;0;0;0;230;58
2018-03-17T08:11:01.460Z;230282000;21.478436666666667;61.59562666666667;0.0;349.3;0;0;0;281;58
2018-03-17T08:11:00.640Z;230350000;22.769095;64.42839;7.1;212.9;0;0;0;208;58
2018-03-17T08:10:58.126Z;265182000;21.583666666666666;64.65820166666667;10.3;83.3;0;0;0;83;55
2018-03-17T08:10:36.912Z;244562000;21.44973666666667;61.12650833333333;0.0;332.8;5;0;0;72;33
2018-03-17T08:10:58.149Z;230358000;22.732345000000002;65.24937333333334;12.4;223.2;0;0;0;223;56
2018-03-17T08:11:01.458Z;244338000;20.06159166666667;63.073335;12.2;213.5;0;0;0;213;59
2018-03-17T08:10:57.202Z;212880000;22.62838;64.31708;0.0;30.7;0;0;0;26;53
2018-03-17T08:10:54.524Z;259372000;24.26975;65.45935;9.0;216.7;0;0;0;218;52
2018-03-17T08:10:47.660Z;230990040;24.517878333333332;65.66083333333333;0.0;28.2;5;0;0;38;43
2018-03-17T08:10:36.945Z;230992660;28.87723;61.877155;0.0;0.0;5;0;0;511;33
2018-03-17T08:10:54.450Z;230111210;24.406333333333336;64.6668;0.0;304.0;0;0;0;511;51
2018-03-17T08:10:58.138Z;276585000;21.472585;61.126043333333335;0.0;26.1;0;0;0;244;56
2018-03-17T08:10:54.512Z;265537680;23.27711;65.79799;0.0;327.1;0;0;0;308;53
2018-03-17T08:10:11.578Z;212838000;24.414973333333332;64.659115;0.0;317.9;5;0;0;281;9
2018-03-17T08:10:53.606Z;266435000;22.762986666666666;64.42390333333334;7.7;207.7;0;0;0;206;49
2018-03-17T08:10:47.685Z;245046000;19.545458333333332;62.67850166666666;11.1;203.6;0;0;0;199;46
2018-03-17T08:10:22.528Z;258751000;25.395084999999998;65.00592166666667;0.0;339.9;5;0;0;83;19
2018-03-17T08:10:58.140Z;230283000;21.478673333333333;61.59664833333333;0.0;75.8;0;0;0;18;56
2018-03-17T08:10:43.951Z;230981050;25.068728333333336;65.03731833333333;0.0;291.9;0;0;0;303;42
2018-03-17T08:11:00.621Z;230065310;23.693215000000002;64.221105;0.0;246.5;0;0;0;319;58
2018-03-17T08:11:00.619Z;230052840;28.385528333333333;61.604643333333335;0.5;3.1;3;0;0;183;58
2018-03-17T08:10:57.203Z;230070870;24.514499999999998;65.665065;0.0;118.1;0;0;0;255;54
2018-03-17T08:11:00.620Z;230115340;21.464211666666664;61.594143333333335;0.0;179.2;15;0;0;261;58
2018-03-17T08:10:58.124Z;265067000;21.62281833333333;65.1563;0.0;218.3;2;0;0;252;55
2018-03-17T08:11:01.475Z;230202000;22.771006666666665;64.43201333333333;9.2;25.3;0;0;0;25;36
2018-03-17T08:10:51.215Z;244850612;22.75666;64.418195;9.1;202.2;0;0;0;204;50
2018-03-17T08:10:40.644Z;245170000;21.094620000000003;62.224605;0.1;24.4;1;0;0;305;35
2018-03-17T08:11:00.749Z;236029000;21.247700000000002;63.12316666666666;6.9;252.5;0;0;0;260;57
2018-03-17T08:10:58.115Z;306051000;19.221999999999998;62.49433333333333;12.3;3.7;0;0;0;5;55
2018-03-17T08:10:58.114Z;305961000;19.670133333333336;62.81863333333333;11.1;50.0;0;0;0;50;52
2018-03-17T08:10:47.659Z;236490000;21.431925;61.130725;0.0;82.0;5;0;0;82;42
2018-03-17T08:11:00.746Z;538090507;21.554121666666667;63.75123333333333;6.7;227.9;0;0;0;226;0
2018-03-17T08:12:02.676Z;230662000;20.08679;63.08946;10.5;210.4;0;0;0;214;0
2018-03-17T08:11:59.303Z;246798000;24.61456666666667;65.68926666666667;0.0;284.0;0;0;0;284;54
2018-03-17T08:11:59.271Z;236611000;22.737323333333332;64.40369333333334;9.2;205.5;0;0;0;205;55
2018-03-17T08:12:02.696Z;230025040;21.448853333333332;61.13222833333334;0.1;166.0;0;0;0;308;0
2018-03-17T08:12:05.112Z;230252000;22.524681666666666;64.23296833333333;6.5;18.8;0;0;0;20;3
2018-03-17T08:12:05.013Z;230003110;24.406465;64.666365;0.0;321.7;0;0;0;511;0
2018-03-17T08:11:55.169Z;212409000;21.277013333333333;63.12750333333334;11.9;71.7;0;0;0;74;50
2018-03-17T08:12:05.886Z;230981750;21.571705;63.08089666666667;0.0;267.1;0;0;0;24;3
2018-03-17T08:12:01.703Z;230980260;24.415875000000003;64.65943833333333;0.0;0.0;15;0;0;19;58
2018-03-17T08:12:05.062Z;230645000;24.405483333333333;64.65389666666667;0.0;166.0;5;0;0;166;1
2018-03-17T08:12:05.055Z;373437000;20.244016666666667;63.19951666666667;13.9;37.0;0;0;0;35;1
2018-03-17T08:11:44.749Z;236306000;24.408720000000002;64.65468833333334;0.0;278.5;5;0;0;168;41
2018-03-17T08:11:59.297Z;230245000;21.530038333333334;63.741011666666665;9.5;226.3;3;0;0;226;55
2018-03-17T08:12:02.694Z;265088000;21.670669999999998;64.66138333333333;0.7;81.5;0;0;0;99;59
2018-03-17T08:11:12.211Z;230356000;21.571166666666667;63.08116666666667;0.0;115.0;5;0;0;27;7
2018-03-17T08:12:05.067Z;230071310;27.696955;62.89180833333333;0.0;267.5;0;0;0;511;4
2018-03-17T08:12:02.668Z;230987160;24.40666666666667;64.66666666666667;0.0;125.0;15;0;0;94;57
2018-03-17T08:11:59.286Z;230109170;23.02535;63.84203333333333;0.1;177.8;0;0;0;511;54
2018-03-17T08:11:59.322Z;266450000;23.364986666666667;65.76561833333334;2.4;226.1;15;0;0;225;56
2018-03-17T08:11:19.861Z;259890000;25.418956666666666;65.00207833333333;0.0;34.4;5;0;0;42;15
2018-03-17T08:12:05.884Z;230916000;22.83742833333333;64.48094499999999;7.4;30.0;0;0;0;30;2
2018-03-17T08:12:05.060Z;230011590;24.557245;65.04055;0.0;233.0;0;0;0;352;3
2018-03-17T08:12:05.094Z;230081290;21.44479833333333;61.12656166666667;0.0;331.5;0;0;0;5;4
2018-03-17T08:12:02.706Z;230956000;22.826781666666665;64.47269333333334;10.1;24.2;0;0;0;24;1
2018-03-17T08:11:55.194Z;230941170;21.44737;61.13064333333333;0.0;0.0;3;0;0;511;51
2018-03-17T08:12:02.673Z;230636000;21.118068333333333;63.135215;12.6;321.0;0;0;0;321;58
2018-03-17T08:11:59.330Z;230988890;23.024983333333335;63.84193333333334;0.0;267.6;0;0;0;237;56
2018-03-17T08:11:22.941Z;244389000;23.031515000000002;63.861374999999995;0.1;25.0;5;0;0;115;16
2018-03-17T08:12:05.885Z;230251000;23.848048333333335;65.17879666666667;0.2;43.2;0;0;0;182;56
2018-03-17T08:12:02.730Z;230025470;21.57174;63.081559999999996;0.0;26.9;0;0;0;511;1
2018-03-17T08:11:12.239Z;230667000;23.018305;63.84464833333333;0.0;242.9;5;0;0;132;9
2018-03-17T08:12:02.692Z;230661000;22.734688333333334;64.40120666666667;10.8;204.1;0;0;0;200;59
2018-03-17T08:12:05.874Z;230982010;21.14237166666667;63.21179166666666;0.0;16.1;15;0;0;511;3
2018-03-17T08:12:02.681Z;230337000;25.428061666666668;65.00598333333333;0.0;0.0;0;0;0;511;58
2018-03-17T08:11:59.304Z;230013790;24.407201666666666;64.66668166666666;0.0;270.1;0;0;0;190;56
2018-03-17T08:11:59.344Z;230006760;22.688133333333333;63.71178333333333;0.0;218.8;0;0;0;346;57
2018-03-17T08:11:12.258Z;210230000;21.447533333333336;61.114783333333335;0.0;297.9;5;0;0;85;8
2018-03-17T08:11:58.022Z;236205000;22.515363333333333;64.2268;0.1;35.5;0;0;0;13;54
2018-03-17T08:12:05.890Z;230656000;22.742684999999998;64.40768666666666;9.8;214.6;0;0;0;215;4
2018-03-17T08:12:05.072Z;230068740;28.944566666666667;61.84411333333333;0.0;118.0;0;0;0;176;4
2018-03-17T08:11:47.127Z;265528060;20.739116666666668;63.86284833333333;0.0;289.8;0;0;0;51;44
2018-03-17T08:12:05.883Z;212308000;22.522013333333334;64.23039833333333;8.5;27.0;0;0;0;25;2
2018-03-17T08:12:02.724Z;246371000;23.85562666666667;65.19641833333334;8.2;18.2;0;0;0;14;2
2018-03-17T08:11:19.821Z;266248000;24.513379999999998;65.66562333333333;0.0;230.0;5;0;0;230;15
2018-03-17T08:12:04.995Z;265066000;21.371758333333332;63.67663666666667;0.0;69.7;2;0;0;309;1
2018-03-17T08:12:05.069Z;230938570;21.217528333333334;62.35865833333333;0.0;9.0;0;0;0;191;4
2018-03-17T08:12:05.115Z;230290000;24.260438333333333;65.45408166666667;9.7;219.1;0;0;0;220;3
2018-03-17T08:11:08.843Z;230343000;25.427313333333334;65.00555166666666;0.0;297.1;5;0;0;229;6
2018-03-17T08:12:02.688Z;276776000;21.47301666666667;61.126288333333335;0.0;143.2;0;0;0;323;26
2018-03-17T08:12:05.063Z;230110910;21.215404999999997;62.344725000000004;0.0;337.5;0;0;0;332;4
2018-03-17T08:12:01.697Z;245717000;21.5364;63.74368833333333;7.2;225.3;0;0;0;225;58
2018-03-17T08:12:01.696Z;230282000;21.478425;61.59563166666667;0.0;338.8;0;0;0;282;58
2018-03-17T08:11:59.340Z;230350000;22.766775;64.426535;7.9;206.0;0;0;0;207;58
2018-03-17T08:11:26.486Z;245091000;24.156318333333335;65.75285;0.0;78.3;5;0;0;325;41
2018-03-17T08:11:59.282Z;265182000;21.590251666666667;64.65851333333333;10.2;83.7;0;0;0;83;55
2018-03-17T08:11:59.306Z;230358000;22.726781666666668;65.24679499999999;12.5;222.2;0;0;0;223;56
2018-03-17T08:12:02.668Z;244338000;20.057636666666667;63.07057833333333;11.9;214.3;0;0;0;214;0
2018-03-17T08:12:05.120Z;212880000;22.62840333333333;64.31709666666667;0.0;31.9;0;0;0;26;3
2018-03-17T08:12:05.107Z;259372000;24.265533333333334;65.45698333333333;9.2;216.1;0;0;0;218;3
2018-03-17T08:12:02.685Z;230111210;24.406286666666666;64.66675166666667;0.0;283.0;0;0;0;511;0
2018-03-17T08:11:26.429Z;230989410;21.447433333333333;61.13095833333333;0.0;221.6;5;0;0;511;23
2018-03-17T08:11:59.297Z;276585000;21.472585;61.126035;0.0;351.5;0;0;0;244;56
2018-03-17T08:12:05.056Z;265537680;23.27711;65.79797;0.0;294.8;0;0;0;308;3
2018-03-17T08:12:02.715Z;266435000;22.760128333333334;64.42138333333334;8.9;205.3;0;0;0;205;59
2018-03-17T08:11:59.284Z;212123000;23.635293333333333;64.71677833333334;0.0;289.9;2;0;0;290;55
2018-03-17T08:11:59.290Z;245046000;19.543226666666666;62.67510333333333;11.1;189.9;0;0;0;191;56
2018-03-17T08:11:59.298Z;230283000;21.478658333333332;61.596651666666666;0.0;346.1;0;0;0;19;56
2018-03-17T08:12:05.879Z;230981050;25.068713333333335;65.03735;0.0;238.2;0;0;0;303;2
2018-03-17T08:11:59.333Z;230065310;23.693223333333332;64.221105;0.0;270.0;0;0;0;319;58
2018-03-17T08:11:59.332Z;230052840;28.385625;61.60537333333333;3.8;3.1;3;0;0;1;58
2018-03-17T08:12:05.869Z;230070870;24.514598333333332;65.66498166666666;0.0;293.4;0;0;0;255;3
2018-03-17T08:11:59.331Z;230115340;21.464231666666667;61.59413333333334;0.0;194.2;15;0;0;260;58
2018-03-17T08:11:59.279Z;265067000;21.62282;65.1563;0.0;64.2;2;0;0;252;55
2018-03-17T08:12:02.667Z;230202000;22.773765;64.43428166666666;9.3;32.8;0;0;0;32;36
2018-03-17T08:12:02.714Z;244850612;22.75341;64.41538833333333;9.9;207.1;0;0;0;206;1
2018-03-17T08:12:01.688Z;230984090;21.447508333333335;61.130845;0.0;350.1;5;0;0;310;58
2018-03-17T08:12:02.683Z;236029000;21.243783333333333;63.12263333333333;6.4;252.7;0;0;0;259;58
2018-03-17T08:11:59.267Z;306051000;19.2225;62.49766666666667;12.4;2.9;0;0;0;6;55
2018-03-17T08:11:04.790Z;230601000;24.158489999999997;65.75188;0.0;353.8;5;0;0;151;3
2018-03-17T08:11:52.057Z;636091859;24.404661666666666;64.66029999999999;0.0;28.7;5;0;0;307;50
2018-03-17T08:11:08.859Z;305733000;20.384490000000003;63.29674;9.2;221.8;0;0;0;222;7
2018-03-17T08:11:59.286Z;305961000;19.675283333333333;62.82063333333333;10.9;49.5;0;0;0;49;53
2018-03-17T08:12:02.680Z;538090507;21.550693333333335;63.749903333333336;7.6;227.8;0;0;0;225;0
2018-03-17T08:13:02.039Z;230662000;20.083476666666666;63.087005;10.6;212.3;0;0;0;214;59
2018-03-17T08:12:59.805Z;246798000;24.614583333333332;65.68926666666667;0.1;14.0;0;0;0;284;54
2018-03-17T08:12:58.942Z;236611000;22.734841666666668;64.40138666666667;9.2;203.3;0;0;0;203;55
2018-03-17T08:13:02.887Z;230025040;21.448855;61.13222833333334;0.0;136.0;0;0;0;308;59
2018-03-17T08:13:05.355Z;230252000;22.526571666666666;64.23503666666666;9.0;24.7;0;0;0;26;3
2018-03-17T08:13:05.266Z;230003110;24.40648;64.66636;0.0;321.7;0;0;0;511;0
2018-03-17T08:12:26.994Z;244850226;21.45365;61.126999999999995;0.0;30.3;5;0;0;248;23
2018-03-17T08:13:02.913Z;212409000;21.28515666666667;63.12860666666666;12.1;72.4;0;0;0;76;59
2018-03-17T08:13:05.998Z;230981750;21.571703333333335;63.08090333333334;0.2;345.6;0;0;0;24;3
2018-03-17T08:13:05.397Z;230980260;24.415830000000003;64.65943;0.0;0.0;15;0;0;20;4
2018-03-17T08:13:05.327Z;230645000;24.40547666666667;64.65389333333333;0.0;166.0;5;0;0;166;1
2018-03-17T08:13:02.895Z;230941690;21.449125;61.132355;0.0;287.9;5;0;0;511;0
2018-03-17T08:13:05.347Z;373437000;20.249283333333334;63.20265;13.9;36.0;0;0;0;35;1
2018-03-17T08:12:23.647Z;246824000;20.865551666666665;63.556725;4.9;48.7;0;0;0;57;18
2018-03-17T08:13:05.991Z;305476000;19.661085;62.814679999999996;9.0;49.1;0;0;0;49;3
2018-03-17T08:12:59.799Z;230245000;21.526419999999998;63.739439999999995;8.0;228.0;3;0;0;228;55
2018-03-17T08:13:02.900Z;265088000;21.671125;64.66140833333333;0.8;88.0;0;0;0;104;59
2018-03-17T08:13:05.333Z;230071310;27.69696;62.891785;0.0;263.4;0;0;0;511;4
2018-03-17T08:12:52.472Z;230995660;23.019048333333334;63.8444;0.0;213.8;5;0;0;111;49
2018-03-17T08:13:02.048Z;230987160;24.40666666666667;64.66666666666667;0.0;67.0;15;0;0;94;57
2018-03-17T08:12:59.789Z;230109170;23.02534166666667;63.84204;0.1;177.1;0;0;0;511;54
2018-03-17T08:12:59.825Z;266450000;23.364448333333332;65.76543166666667;0.3;262.8;15;0;0;230;57
2018-03-17T08:13:05.998Z;230916000;22.840041666666664;64.48283166666667;8.0;31.0;0;0;0;30;2
2018-03-17T08:13:05.326Z;230011590;24.557243333333336;65.04055166666667;0.0;172.0;0;0;0;353;3
2018-03-17T08:13:05.357Z;230081290;21.44480666666667;61.126575;0.0;6.8;0;0;0;5;4
2018-03-17T08:12:09.731Z;230325000;28.945333333333334;61.843833333333336;0.0;278.0;5;0;0;274;6
2018-03-17T08:13:02.910Z;230956000;22.82953666666667;64.47531333333333;10.9;23.8;0;0;0;24;1
2018-03-17T08:12:37.786Z;230109450;24.513796666666668;65.66479333333334;0.0;184.3;5;0;0;224;35
2018-03-17T08:12:55.676Z;230941170;21.447368333333333;61.130644999999994;0.0;0.0;3;0;0;511;51
2018-03-17T08:13:02.054Z;230636000;21.113201666666665;63.137903333333334;12.5;320.0;0;0;0;321;58
2018-03-17T08:12:59.845Z;230988890;23.024966666666668;63.84193333333334;0.0;259.1;0;0;0;237;56
2018-03-17T08:13:05.996Z;230251000;23.848138333333335;65.17882166666666;0.1;65.2;2;0;0;182;56
2018-03-17T08:13:02.932Z;230025470;21.571768333333335;63.08156333333333;0.0;24.8;0;0;0;511;1
2018-03-17T08:13:02.896Z;230661000;22.731735;64.39852;10.2;208.4;0;0;0;208;59
2018-03-17T08:13:05.277Z;230982010;21.14239;63.21174666666666;0.0;355.4;15;0;0;511;3
2018-03-17T08:13:02.063Z;230337000;25.428054999999997;65.00598333333333;0.0;0.0;0;0;0;511;58
2018-03-17T08:12:59.806Z;230013790;24.407198333333334;64.66668;0.0;285.4;0;0;0;190;56
2018-03-17T08:12:59.849Z;230006760;22.68815;63.71178333333333;0.0;207.4;0;0;0;346;57
2018-03-17T08:12:55.723Z;230091500;22.688699999999997;63.710515;0.0;269.7;5;0;0;332;54
2018-03-17T08:12:44.304Z;230024000;24.159685000000003;65.75031166666666;0.0;103.0;5;0;0;213;40
2018-03-17T08:12:58.936Z;236205000;22.515383333333332;64.22681166666668;0.1;42.1;0;0;0;13;54
2018-03-17T08:13:02.933Z;245241000;22.691106666666666;63.714198333333336;0.0;50.7;5;0;0;176;1
2018-03-17T08:13:05.309Z;230656000;22.739246666666666;64.40544833333334;9.4;208.8;0;0;0;205;4
2018-03-17T08:13:05.331Z;230068740;28.944556666666664;61.84411333333333;0.0;225.6;0;0;0;176;4
2018-03-17T08:13:05.995Z;212308000;22.524448333333332;64.23273833333333;9.3;20.0;0;0;0;19;3
2018-03-17T08:13:02.902Z;246371000;23.857478333333333;65.19871833333333;9.0;28.4;0;0;0;24;1
2018-03-17T08:13:05.249Z;265066000;21.371756666666666;63.67663666666667;0.0;164.9;2;0;0;309;1
2018-03-17T08:12:58.948Z;230938570;21.217488333333332;62.35870333333333;0.0;305.3;0;0;0;191;56
2018-03-17T08:13:02.923Z;230290000;24.256356666666665;65.45206666666667;10.0;221.6;0;0;0;222;0
2018-03-17T08:13:02.891Z;276776000;21.47301666666667;61.12627666666666;0.0;143.2;0;0;0;323;26
2018-03-17T08:13:05.329Z;230110910;21.215401666666665;62.34474;0.0;12.7;0;0;0;332;4
2018-03-17T08:13:02.898Z;245717000;21.53182333333333;63.741755;11.4;227.0;0;0;0;227;0
2018-03-17T08:12:59.861Z;230282000;21.478420000000003;61.595641666666666;0.0;316.7;0;0;0;282;58
2018-03-17T08:12:59.843Z;230350000;22.764208333333332;64.42459;8.1;211.8;0;0;0;209;58
2018-03-17T08:12:58.959Z;265182000;21.596835;64.65881166666667;10.2;84.2;0;0;0;83;55
2018-03-17T08:12:59.794Z;230358000;22.721408333333333;65.24428833333333;12.2;221.8;0;0;0;223;55
2018-03-17T08:13:02.053Z;244338000;20.053461666666667;63.06778666666666;12.0;215.2;0;0;0;214;0
2018-03-17T08:13:05.380Z;212880000;22.628420000000002;64.317115;0.0;33.4;0;0;0;26;3
2018-03-17T08:13:05.366Z;259372000;24.261866666666666;65.45488333333334;9.6;216.0;0;0;0;219;3
2018-03-17T08:13:02.072Z;230111210;24.406355;64.66675333333333;0.0;268.9;0;0;0;511;0
2018-03-17T08:12:59.799Z;276585000;21.472585;61.12603;0.0;330.2;0;0;0;244;56
2018-03-17T08:13:05.316Z;265537680;23.277115;65.79797833333333;0.0;14.2;0;0;0;307;3
2018-03-17T08:13:02.918Z;266435000;22.757338333333333;64.41901666666666;10.1;204.9;0;0;0;203;59
2018-03-17T08:12:58.928Z;245046000;19.542113333333337;62.672066666666666;11.1;188.1;0;0;0;188;55
2018-03-17T08:12:58.960Z;230283000;21.478661666666667;61.59665;0.0;33.5;0;0;0;19;56
2018-03-17T08:13:05.990Z;230981050;25.068724999999997;65.03733;0.0;221.1;0;0;0;303;2
2018-03-17T08:12:34.128Z;253377000;24.151025;65.75541666666666;0.0;220.0;5;0;0;345;30
2018-03-17T08:12:59.821Z;230065310;23.693201666666667;64.22110166666667;0.0;235.4;0;0;0;319;57
2018-03-17T08:12:59.833Z;230052840;28.385835;61.60661666666667;4.8;5.0;3;0;0;1;58
2018-03-17T08:13:05.323Z;230070870;24.514588333333332;65.664985;0.0;303.2;0;0;0;255;4
2018-03-17T08:12:59.832Z;230115340;21.464248333333334;61.594100000000005;0.0;184.2;15;0;0;260;58
2018-03-17T08:12:58.955Z;265067000;21.62282;65.15629833333334;0.0;100.1;2;0;0;252;55
2018-03-17T08:13:02.047Z;230202000;22.777246666666667;64.43647666666666;9.7;32.8;0;0;0;32;36
2018-03-17T08:13:02.917Z;244850612;22.750378333333334;64.41299666666666;10.0;210.8;0;0;0;211;1
2018-03-17T08:13:02.038Z;236029000;21.240099999999998;63.12208333333333;6.3;252.2;0;0;0;258;57
2018-03-17T08:12:59.817Z;306051000;19.223000000000003;62.501;11.4;4.9;0;0;0;6;57
2018-03-17T08:12:59.855Z;305733000;20.377485;63.29303;9.4;220.1;0;0;0;223;58
2018-03-17T08:13:02.940Z;305961000;19.680883333333334;62.82238333333333;9.6;61.8;0;0;0;63;59
2018-03-17T08:13:02.059Z;538090507;21.54712333333333;63.74836166666667;7.9;224.7;0;0;0;224;0
